,date,sentiwordscore,vader_compound_scores,count,average_swn_scores,average_vader_scores
0,2018-09-01,"[0.375, 0.5, 0.0, 0.875, 0.25, 0.0, 0.0, 0.0, -0.125, -0.125, 0.75, 0.0, -1.625, 0.0, 0.125, 0.0, 0.0, 0.0, 0.0, 0.25, -0.375, 0.0, 0.25, 0.875]","[0.0, 0.4939, 0.0, 0.5719, 0.5267, 0.4995, 0.4215, 0.6369, 0.0, 0.6705, 0.5267, 0.0, -0.8625, 0.0, 0.0, 0.0, 0.0, 0.0, 0.0, 0.8519, 0.6696, 0.0, 0.34, 0.4404]",24,0.08333333333333333,0.241125
1,2018-09-02,"[0.125, -0.625, 0.0, 0.0, 0.0, 0.0, 0.0, 0.0, -0.375, -0.125, 0.0, 0.0, 0.125, 0.0, -0.625, -0.875, 0.0, 0.375, -0.25, 0.0, 0.0, 0.0, 0.25, 0.25, 0.0, -0.5, 0.5, 0.0, 0.125, -0.125]","[0.7184, 0.4215, 0.0, 0.4215, 0.0, 0.0, 0.0, 0.7351, 0.0, 0.6988, 0.0516, 0.0, 0.0, 0.0, 0.0, -0.4404, 0.0, 0.5574, 0.0, 0.3612, 0.0, 0.1531, 0.5423, 0.3595, 0.0, -0.6908, 0.7263, 0.8126, 0.5859, 0.0]",30,-0.058333333333333334,0.20046666666666665
2,2018-09-03,"[-1.0, 0.0, 0.25, -0.375, 0.125, 0.0, 0.125, 0.0, 0.25, 0.0, 0.0, 0.125, 0.0, 1.0, 0.125, 0.0, 0.125, 0.125, 0.0, 0.0, 0.625, 0.625, 0.375, -1.125, 0.0, 0.0, 0.0, 0.25, 0.0, 0.5, 0.875, 0.125, 0.125, 0.0, 0.75, 0.0, 0.375, 0.125, 0.0, 0.125, -0.625, 0.0, -1.0]","[-0.6486, 0.6705, 0.3612, -0.3164, 0.4019, 0.0, 0.0, -0.4184, 0.7845, 0.0772, 0.0, 0.0, 0.0, 0.6892, 0.0, 0.0, 0.3415, -0.5994, 0.0, 0.0, 0.4738, 0.9201, 0.4449, 0.2718, 0.25, -0.5574, 0.0, 0.5499, 0.0, 0.0, 0.0, 0.5106, 0.0, 0.0, -0.5204, 0.0, 0.0, 0.3415, 0.0, -0.5574, 0.0, 0.0, -0.6597]",43,0.06976744186046512,0.06536976744186047
3,2018-09-04,"[0.7629999999999999, 0.0, 0.0, 0.75, 0.0, 0.375, 0.0, 0.0, 0.25, 0.125, 0.125, 0.0, 0.0, 0.375, 0.0, 1.375, 1.625, 0.0, -0.25, 0.875, 0.0, 0.0, -0.125, 0.125, 0.0, 0.125, 0.0, 0.0, 0.0, 0.625, 0.25, 0.5, 0.0]","[0.8555, 0.0, 0.0, 0.9789, 0.9814, 0.0258, 0.0, 0.0, 0.0, 0.7184, -0.5423, 0.8934, 0.0, 0.1548, 0.3365, 0.3692, -0.4497, 0.4939, 0.0, 0.5267, 0.0772, 0.4215, -0.5815, 0.0, 0.1511, -0.5106, 0.0, 0.0, 0.0, 0.765, 0.128, 0.8658, 0.0]",33,0.23903030303030304,0.2017878787878788
4,2018-09-05,"[0.0, -0.125, -0.5, -0.25, 0.0, 0.5, 0.0, 0.0, 0.0, 0.875, -0.125, -0.625, 0.0, 0.0, 0.125, 0.625, -0.5, 0.0, -0.5, -0.375, -0.875, -0.5, 0.0, 0.875, 0.125, 0.0, 0.0, 0.0, 0.0, 0.0, 0.0, 0.0, 0.625, 0.0, 0.5]","[-0.296, 0.0, -0.636, -0.7399, 0.0, 0.346, 0.2023, 0.0, 0.0, 0.4404, 0.0, -0.0834, 0.0, 0.0, 0.0516, 0.7717, -0.802, 0.0, -0.5719, 0.0, -0.7479, 0.3612, 0.5267, 0.0, 0.0, 0.0, 0.0, 0.0, 0.0, 0.2263, -0.4939, 0.128, 0.5574, -0.296, 0.0]",35,-0.0035714285714285713,-0.030154285714285717
5,2018-09-06,"[0.125, 0.375, 0.25, 0.0, 0.125, 0.0, 0.875, 1.0, 0.0, 0.0, 0.0, 0.125, 0.375, -0.25, 0.125, -0.125, 0.0, 0.375, 0.0, 0.875, 0.375, 0.25, -0.125, -0.25, 0.625, -0.375, 1.125, 0.25, 0.0, 0.0, 0.0, -0.625, 0.0, 0.0, 0.125, 0.0, 0.0, -0.25, 0.125]","[0.8953, 0.7845, 0.4019, 0.0, 0.2023, 0.2023, -0.2732, 0.2732, -0.6908, 0.0, 0.0, 0.0, 0.0, 0.0, 0.0, 0.5255, 0.0, 0.4019, 0.0, 0.0, 0.572, 0.5994, 0.4215, -0.5267, 0.5859, 0.0, 0.9339, 0.3612, -0.2023, 0.0, 0.0, -0.4574, -0.0258, 0.0, -0.6808, 0.0, 0.6369, 0.0, 0.0]",39,0.14102564102564102,0.12668461538461542
6,2018-09-07,"[-0.125, 0.0, 0.0, 0.75, 0.375, 0.0, 1.125, 0.0, -0.125, 0.125, -0.5, 0.375, 0.125, 0.125, 0.0, 0.25, -0.5, 0.0, 0.0, 1.5, 0.0, 0.0, 0.0, 0.0, 0.0, 0.0, 0.0, -0.75, -0.375, 0.0, 0.625, 0.0, 0.625, -0.375, 0.25, 1.25, 0.0, 0.125, -0.25, 0.0, 0.5, 0.125]","[0.5949, 0.3182, 0.2942, 0.6249, 0.0772, 0.34, 0.4939, 0.4215, 0.0, 0.0772, 0.0, 0.0, 0.6856, 0.0, 0.0, 0.7865, 0.0, 0.3612, 0.0, 0.7717, 0.481, 0.0, 0.0, 0.0, 0.0, 0.0, 0.34, -0.1761, 0.2003, -0.4574, 0.4019, 0.0, 0.3595, 0.2468, 0.7762, 0.4767, 0.0, 0.6705, -0.4374, 0.0, -0.5994, -0.6908]",42,0.125,0.17711428571428575
7,2018-09-08,"[0.0, 0.75, 0.0, -0.125, 0.0, 0.0, 0.25, -0.25, 0.5, 0.125, 1.5, -0.125, 0.0, 0.0, 1.125, -0.5, 0.0, 0.0, 0.75, 0.0, 0.0, 0.0, 0.375, 0.0, -1.375, 0.375, 0.0, 0.0, 0.0, 0.0, 0.0, 0.25]","[0.0, 0.4404, -0.4404, 0.6369, -0.3901, 0.0, 0.3612, 0.34, 0.0, 0.7712, -0.625, 0.0, -0.1759, 0.0, 0.9559, -0.34, 0.5423, 0.0, 0.0, 0.0, 0.2732, 0.0, -0.5023, 0.0, -0.6486, 0.0, 0.0, 0.7243, 0.0, 0.0, 0.0, 0.0]",32,0.11328125,0.06009687500000001
8,2018-09-09,"[0.125, 0.0, -0.125, 0.0, 0.0, 0.0, 0.0, -0.25, 0.0, 0.0, 0.375, 0.0, 0.0, 0.0, -1.375, 0.0, 0.0, 0.0, 0.0, 0.0, 0.0, -0.25, 1.0, 0.0, 0.0, 0.0, 0.0]","[0.0, 0.296, -0.296, 0.4939, 0.0, 0.0, 0.0, 0.783, 0.0, 0.0, 0.0, 0.0, -0.2023, 0.0, -0.4588, -0.34, 0.0, 0.0, 0.0, 0.4767, 0.0, -0.4118, 0.6696, 0.0, 0.0, 0.0, 0.0]",27,-0.018518518518518517,0.03741851851851852
9,2018-09-10,"[0.625, 0.0, 0.0, 0.0, 0.0, 0.25, 0.5, 0.0, 0.0, 0.25, 0.25, 0.0, 0.375, 0.0, 0.0, 0.0, 1.125, 0.5, 1.125, 0.0, 0.375, 0.5, 0.0, 0.5, 0.375, 0.625, 0.5, 0.25, 0.375, 0.0, 0.5, 0.5, 0.5, 0.0, 0.125, 0.375, 0.0, 0.0, 0.375, 0.0, 0.0, 0.0, 0.125, 0.0, 0.875, 0.0, 0.0, -0.375, 0.0, -0.125, 0.0, 0.0, 0.5, 0.375, 0.375, -0.125, 0.5, 0.0, 0.0, 0.0, 0.0, 0.0, -0.125, -0.875, 0.5, 0.0, 1.125, -0.875, 0.0, 0.0, 1.375, 0.0, 0.0, -0.625, 0.375, 0.0, 0.0, 0.375]","[-0.1761, 0.0, 0.0, 0.8687, 0.4199, 0.9313, 0.7184, 0.0, 0.0, 0.0, 0.0, 0.5106, 0.6874, 0.0, 0.4215, 0.0, 0.7964, 0.4767, 0.0, 0.0, 0.6625, 0.7096, 0.0, 0.7096, 0.5255, 0.6369, 0.0, 0.4019, 0.5106, 0.0, 0.7096, 0.7096, 0.7096, 0.4753, 0.6166, 0.0018, 0.4215, 0.0, 0.3802, -0.5563, 0.0, 0.0, 0.3612, 0.0, 0.1007, 0.0, 0.0, 0.5346, 0.0, -0.2411, 0.0, 0.4939, 0.7096, 0.0, -0.3818, 0.0, 0.4767, 0.0, 0.4939, 0.0, 0.0, 0.0, 0.6486, -0.6808, 0.6369, 0.2023, 0.0, 0.2732, 0.0, 0.0, 0.0, 0.0, 0.4215, 0.0, 0.0, 0.0, 0.0, 0.0]",78,0.18269230769230768,0.2221628205128205
10,2018-09-11,"[1.5, -0.625, 0.0, 0.625, 0.0, 0.0, 1.0, 0.0, 0.0, 0.0, 0.375, 0.0, 0.0, 0.5, 0.0, 0.0, -0.625, 0.0, 0.0, 0.0, -0.25, 0.625, -0.25, 0.0, 0.0, 0.0, 0.0, 0.0, -0.75, 0.0, 0.0, 0.0, 0.0, 0.625, 0.0, 0.0, 0.0, 0.0, -0.125, 0.625, 1.375, 0.0, 0.375, 0.0, -0.375, -0.875, -0.125, 0.75, 0.0, 0.0, 0.125, 0.0, -0.125, 0.0, 1.625, 0.625, 0.625, 0.125, 0.0, 1.0, 0.375, 0.125, 0.0, 0.0, 0.0, 0.0, -0.625, 0.375, -0.375, -0.125, 0.0, 0.0, 0.0, 0.0, 0.5, 0.0, -0.625, 0.0, 0.0, 1.25, 0.0, 0.5, 0.0, 0.0, 0.0]","[0.8442, 0.0, 0.0, 0.4939, 0.0, 0.6297, 0.5411, 0.0, 0.5994, 0.0, 0.0, 0.0, 0.0, 0.7096, 0.765, 0.4003, 0.0, 0.0, 0.0, 0.34, 0.5848, 0.6204, 0.0, 0.4215, 0.743, 0.0, 0.0, 0.6486, 0.128, -0.3716, -0.3818, 0.8442, 0.34, 0.4767, 0.1139, 0.0, 0.0, 0.2263, 0.4019, 0.4588, 0.6249, 0.4215, 0.0, 0.0, 0.3818, -0.296, 0.0, 0.5994, 0.2263, 0.0, -0.3182, 0.0, 0.4939, 0.0, 0.4404, -0.4927, 0.4767, 0.5093, 0.0, -0.3818, -0.5983, 0.7525, 0.0, 0.0, 0.2263, 0.0, 0.6222, 0.0, 0.0, 0.0, 0.0, 0.0, 0.0, 0.0, 0.8972, 0.802, 0.0, 0.0, 0.0, -0.4215, 0.0, 0.694, 0.0, 0.4215, 0.0]",85,0.11470588235294117,0.19599176470588228
11,2018-09-12,"[0.125, 0.25, -0.375, 0.375, 0.0, 0.0, 0.0, 0.0, 1.0, 0.0, 0.25, 0.125, -0.875, 0.0, 0.0, 0.625, 0.0, 0.0, 1.125, -0.375, 0.625, 0.625, 0.625, -0.125, -0.75, 0.125, 0.0, 0.5, 0.0, -0.5, 0.0, 0.375, 0.375, 0.375, -0.125, -0.375, -0.25, 0.375, 0.0, 0.0, 0.125, 0.0, 1.5, 0.0, 0.875, 0.0, 0.25, 0.0, 0.5, 0.5, 0.0, -0.125, 0.375, 0.5, -0.75, 0.25, 0.0]","[0.7254, 0.4019, -0.7324, 0.0, -0.1405, 0.128, 0.0, 0.0, 0.5574, 0.0, 0.0, 0.0, -0.7703, 0.4588, 0.0, 0.6369, 0.0, -0.0258, 0.7269, 0.0, 0.7125, 0.0, 0.5423, 0.0, -0.1027, 0.5826, 0.0, 0.9573, 0.0, 0.0, 0.6705, 0.9001, 0.4588, 0.5106, -0.638, 0.0, 0.4588, 0.0, 0.0, 0.0, 0.4753, 0.0, 0.8908, -0.7351, 0.4404, 0.0, 0.0, 0.0, 0.5719, 0.4767, 0.0, 0.4404, 0.3595, 0.7339, 0.5481, 0.0, 0.0]",57,0.1425438596491228,0.19685964912280698
12,2018-09-13,"[-0.625, -0.25, 0.875, 0.0, 0.375, 0.5, 0.375, 0.375, 0.25, -0.625, 0.0, 0.375, 0.75, 1.0, 0.0, 0.0, 0.875, 0.0, 0.0, -0.5, 0.0, 0.0, -0.125, 0.0, 0.0, 0.875, 0.5, 0.0, 0.0, 0.375, 0.375, 0.0, 0.0, -0.125, 0.375, 1.375, 0.75, 0.0, 0.0, 0.375, 0.0, 0.0, -1.0, 0.0, 0.75, 0.0, 0.0, 0.0, -0.75, 0.0, 1.375, 0.0, -0.75, 0.0, -0.125, 0.0, 0.125, 0.0, 0.0, 1.5, 0.0, 0.0, 0.5, 0.0, 0.125, 0.0, 0.0, 0.0, 0.0, 0.0, 0.0, 0.5, 0.0, -0.375, 0.0, 0.75, 0.375]","[0.0072, 0.0, 0.1531, 0.0, 0.0, -0.6571, 0.4753, 0.2023, 0.0258, -0.5974, 0.0, 0.8221, 0.0, 0.7579, 0.3595, -0.5267, 0.0, 0.0, 0.3818, -0.3818, 0.0, -0.1531, 0.0, 0.4215, 0.0, 0.6335, -0.3182, 0.0, 0.3182, 0.4574, 0.7184, 0.5838, 0.0, 0.0, 0.5106, 0.9794, 0.4199, 0.0, 0.9285, 0.5106, 0.0, 0.0, 0.6731, 0.0, 0.5106, 0.0, 0.4559, 0.0, 0.5106, 0.836, -0.2007, 0.0, -0.6486, -0.3612, -0.638, 0.0, 0.0, 0.0, -0.5423, -0.1779, 0.0, 0.8885, 0.34, 0.0, 0.0, 0.0, 0.3843, 0.0, 0.0, 0.0, 0.0, 0.0, 0.0, 0.0, -0.5423, 0.4003, 0.7568]",77,0.14935064935064934,0.12568311688311687
13,2018-09-14,"[0.0, 0.0, 0.0, 0.875, 0.0, 0.0, 0.125, 0.0, 0.0, 0.25, 0.625, -0.625, 1.125, 0.0, 0.375, 0.0, 0.0, 0.0, 0.875, 0.0, 0.0, 0.375, 0.0, -0.25, -0.25, -0.25, 0.125, 0.0, 0.875, 0.0, 0.0, 0.0, 0.0, 0.0, -0.75, 0.0, 0.0, 0.125, 1.25, 0.0, 0.5, 0.0, -0.625, 0.0, 0.0, 0.0, 0.5, 0.0, -0.25, 0.75, 0.0, 0.0, -0.875, 0.5, 0.75, 0.375, -0.625, 0.375, 0.0, 0.0, 0.0, 0.0, -0.75, -0.25, 0.0, 0.75, 0.375, 0.125, 0.375, 0.5]","[0.0, 0.0, 0.0, 0.4767, 0.0, 0.0, 0.0, 0.7707, 0.0, 0.5229, 0.6486, -0.6808, 0.7177, 0.0, 0.34, 0.0, 0.0, 0.0, 0.8271, 0.0258, 0.0, 0.0, 0.0, 0.8695, 0.0, 0.765, 0.4019, 0.0, 0.4404, 0.0, 0.0, 0.0, 0.6369, -0.1027, 0.68, -0.296, -0.2263, 0.4215, 0.5848, 0.0, 0.0, 0.4404, 0.3612, 0.8697, 0.8856, 0.0, 0.0, 0.0, 0.0258, 0.5106, 0.0, 0.3612, 0.7579, 0.6552, 0.8663, 0.3595, 0.4005, 0.296, -0.34, 0.296, 0.296, 0.0, -0.6486, -0.0191, 0.0, 0.6486, -0.0772, -0.4003, 0.6523, 0.0]",70,0.10535714285714286,0.21459
14,2018-09-15,"[0.0, 0.25, 0.0, -0.25, 0.5, 0.25, 0.625, 0.0, -0.25, 0.0, 0.5, 0.0, 0.0, 0.875, 0.0, 0.375, 0.0, 0.0, -0.25, 0.0, 0.75, 0.375, 0.0, 0.0, 0.0, 0.75, 0.125, 0.0, 0.0, 0.125, -0.75, 0.0, 0.0, 0.0, -1.75, 0.625, 0.0, 1.625, 0.125, -0.125, 0.0, 1.125, 0.25, 0.0, 0.0, 0.0, 0.5, 0.75, -0.25, 0.875, 0.0, 0.125, -0.625, -0.75, 0.0, 0.0, 1.25, 0.0, 0.0, 0.0, 0.75, -0.5, -0.75, 0.0]","[0.0, 0.4118, 0.0, 0.296, -0.3331, -0.4404, 0.0, 0.0, 0.7256, 0.0, -0.2434, 0.8478, 0.0, 0.4404, -0.6351, 0.0, 0.296, 0.4215, 0.296, 0.0, 0.34, 0.296, 0.2023, 0.0, 0.0, 0.7269, 0.0, 0.0, 0.4767, 0.0, 0.3664, 0.0, 0.0, 0.0, -0.4633, 0.3612, 0.0, 0.6369, -0.5603, 0.6269, 0.0, 0.4547, 0.3365, 0.0, 0.4019, 0.0, 0.7269, 0.0, 0.2023, 0.8353, 0.0, 0.4215, 0.3724, -0.4767, 0.0, 0.0, -0.5859, 0.3612, 0.0, 0.4215, 0.6369, -0.7269, 0.5399, 0.0]",64,0.11328125,0.1408484375
15,2018-09-16,"[-0.75, 0.0, 0.375, 0.0, 0.0, 0.0, 0.0, 0.375, -0.25, 0.125, 0.0, 0.0, 0.625, -0.375, -0.625, 0.0, 0.0, 0.0, 0.375, 0.375, 0.625, 0.0, 0.0, 1.125, 0.0, 0.0, 0.0, 0.0, 0.125, -0.125, 0.375, -0.375, 0.0, 0.125, 0.125, -0.25, 0.375, 0.125, 1.25, 0.625, 0.0, 0.5, -0.75, 0.0, 0.125]","[-0.1779, 0.0, 0.2003, 0.0, -0.9423, -0.5859, 0.4019, 0.3182, 0.0, 0.0, 0.8455, 0.0, -0.5574, -0.4824, 0.0, 0.0, 0.0, 0.0, 0.2732, 0.128, 0.3786, 0.4753, 0.0, 0.6597, 0.0, -0.636, 0.0, 0.0, 0.69, -0.0772, 0.0, -0.7684, 0.2023, 0.0, 0.1779, 0.4215, 0.0, 0.4019, 0.2023, 0.7845, 0.0772, 0.0, 0.0, 0.0, 0.4215]",45,0.09444444444444444,0.06294
16,2018-09-17,"[-0.125, 0.25, 0.5, 0.0, 0.0, -0.5, 0.0, -2.875, -0.125, 0.75, 0.0, 0.0, 0.875, 0.0, 0.0, 0.0, 0.0, 0.5, -0.375, 0.125, 0.75, 0.0, 0.0, -0.125, 0.0, 0.0, -0.25, 0.125, 0.0, 0.0, 0.25, 0.0, 0.625, -0.375, 0.0, 0.0, 0.0, 0.125, -0.625, 0.0, 0.0, 0.75, 0.75, 0.0, -0.25, -0.75, 0.0, 0.0, 0.0, 0.0, 0.125, 0.75, 0.5, 0.0, -0.125, 0.0, 0.125, -0.125, -0.25, 0.0, 0.25, -0.625, -0.875, -0.375, -0.125, 0.75, 0.0, 1.625, 0.0]","[0.0, 0.0, 0.7184, 0.1655, 0.0, 0.0, -0.357, -0.8531, 0.0, 0.6369, 0.0, 0.0, -0.1779, 0.4574, 0.34, 0.0, 0.3612, 0.5093, 0.5346, 0.3612, 0.0, 0.7351, -0.5106, -0.638, 0.0, 0.3818, 0.0, 0.0, 0.3182, 0.5562, 0.7531, 0.4215, 0.5411, 0.1531, 0.0, 0.0, 0.0, 0.0, 0.3382, 0.5106, 0.4215, 0.6997, 0.4019, 0.0, 0.5859, -0.1779, -0.296, 0.0, 0.4939, 0.0, 0.0, 0.3595, 0.2732, 0.0, 0.0, 0.3626, 0.1779, 0.8585, 0.5859, 0.0, 0.4588, 0.0, -0.4404, 0.296, 0.0, -0.3252, 0.0, 0.8442, 0.0]",69,0.02355072463768116,0.17154782608695654
17,2018-09-18,"[-0.75, 0.0, 0.0, -0.375, -0.25, 0.0, 0.25, -0.125, 0.0, 0.375, -0.75, 0.0, 0.0, 0.0, 0.375, 1.0, 0.0, 0.0, -0.25, 0.125, 0.0, -0.125, 0.0, 1.0, 0.375, 0.0, 0.625, -0.125, 1.0, 0.0, 0.0, 0.25, 0.0, -0.25, -0.25, 0.0, 0.0, 0.375, 0.0, 0.0, 0.5, 0.375, -0.25, 0.0, 0.0, 0.0, -0.75]","[0.6514, 0.0, 0.0, 0.5106, 0.5859, 0.4215, 0.4389, 0.3612, 0.5766, 0.8374, 0.0258, 0.0, 0.0, 0.0, 0.6412, 0.5255, 0.0, -0.3802, 0.0, 0.0, 0.0, 0.0, 0.4215, 0.4404, 0.5106, 0.0, 0.3336, 0.0, 0.4767, 0.0, 0.0, 0.0, 0.0, 0.0, 0.1511, 0.0, 0.0, 0.0, 0.0, 0.0, 0.6369, 0.1779, 0.0, -0.5574, 0.0, 0.0, 0.0258]",47,0.05053191489361702,0.16623191489361702
18,2018-09-19,"[0.125, 0.125, 0.375, 0.0, 0.0, -0.5, 0.0, 0.0, 0.125, 0.0, 0.0, 0.0, 0.375, -0.25, 0.0, 1.5, 1.25, 0.125, -0.125, 0.25, 0.0, 0.0, 0.5, 0.0, 0.0, 0.0, 0.375, 0.0, 0.375, 0.375, 0.0, 0.0, 0.5, 1.75, -0.5, 0.125, 0.0, -1.875, 0.0, 0.0, -0.375, -0.375, 0.5, 0.0, 0.0, 0.0, 0.375, 0.0, -0.125, 0.0]","[0.1779, 0.7667, 0.0, 0.4215, 0.0, -0.0772, 0.0, 0.1779, 0.0, 0.5574, 0.0, 0.6369, 0.0, 0.1593, -0.6705, 0.8832, 0.4019, 0.0, 0.1511, 0.0, 0.0, 0.0, -0.5588, 0.0, -0.508, 0.0, 0.3612, 0.0, 0.8192, 0.4215, 0.34, 0.0, 0.1779, 0.8467, 0.2732, 0.2732, 0.0, -0.4215, 0.0, 0.0, -0.4137, 0.0, 0.8622, 0.8555, 0.0, 0.0, -0.34, 0.0, 0.0, 0.0]",50,0.1,0.131494
19,2018-09-20,"[0.25, 0.125, 0.0, 0.0, 0.125, 0.0, 0.125, -0.75, 0.0, 0.0, 0.125, 0.0, 0.625, 0.0, 0.375, 0.0, 0.375, -0.125, -0.5, 0.0, -0.25, 0.0, 0.0, 0.75, 0.375, -0.25, 0.625, 0.125, 0.0, 0.375, 0.0, 0.0, 0.0, 0.375, 0.0, 0.625, -0.875, 0.0, 0.0, 0.0, 1.0, 0.375, 1.0, 0.25, -0.25, 0.0, 0.0, 0.0, 0.0, -0.625, 0.625, 0.5, 0.0, -0.125]","[0.3182, -0.3182, -0.7557, 0.0, 0.2481, 0.3612, -0.0516, -0.0772, 0.2023, 0.4215, 0.0, 0.34, 0.3818, 0.0, 0.2732, -0.5994, 0.0, 0.0, -0.1531, 0.0, 0.4497, 0.0, 0.368, 0.0, 0.0, -0.5423, 0.6114, 0.0, 0.5473, 0.4404, 0.0, 0.0, 0.0, 0.128, 0.0, 0.5859, -0.3182, 0.0, 0.2559, 0.9622, 0.8402, 0.0, 0.7351, 0.34, 0.0, 0.6739, -0.5423, 0.0, 0.7845, 0.0, 0.0, 0.9151, 0.0, 0.4749]",54,0.09953703703703703,0.15371851851851853
20,2018-09-21,"[0.125, 0.375, 0.0, 0.0, 0.0, 0.0, -0.25, -0.25, 0.0, 0.0, 0.0, 0.0, 0.25, 0.0, 0.75, 1.5, 1.25, 1.625, -0.125, 0.125, 0.125, 0.0, -0.75, 0.0, -0.75, -0.375, 2.125, 1.0, 0.0, 0.25, 0.0, 0.0, -0.25, 0.25, 0.625, 0.0, 0.0, 0.0, 0.25, 1.25, 0.0, 0.125, -0.125, -0.125, 0.0, 0.375, 0.125, 0.0, 0.625, -0.125, 0.0, 0.0, 0.0, -0.375, 0.125, 1.0, 0.5, 0.0, 0.0, 0.625, 1.5, 0.0, 0.0, 0.125, 2.125, -0.625, 0.0]","[0.3612, -0.5411, -0.296, 0.8996, 0.3182, -0.1739, 0.6369, 0.3802, 0.2263, -0.2411, 0.7031, 0.4019, 0.0, 0.2023, 0.7096, 0.6369, 0.8012, 0.8012, 0.0, 0.8519, 0.34, 0.0, 0.9214, 0.0, 0.6166, 0.0, 0.9357, 0.7485, -0.5994, 0.0, 0.6739, -0.296, 0.0, 0.0, 0.4019, 0.0, 0.4019, 0.0, 0.7192, 0.6696, -0.2942, 0.8185, 0.3049, 0.8476, 0.0, 0.8946, 0.0, 0.5994, 0.4019, 0.5815, 0.4404, 0.2023, 0.0, -0.2481, 0.6114, 0.6767, 0.4019, 0.0, 0.0, 0.7269, 0.7828, 0.4404, 0.6688, -0.0772, 0.9323, 0.128, 0.4215]",67,0.22388059701492538,0.33543283582089556
21,2018-09-22,"[0.0, -0.11200000000000004, 0.0, 0.0, 0.25, 0.125, -0.125, 0.375, 0.125, 0.0, 0.625, 0.0, -1.5, 0.25, 0.125, 0.0, 0.0, 0.0, 1.25, 1.0, 0.125, 0.0, 0.0, 1.0, 0.0, 0.0, -0.125, 0.875, 1.0, 0.375, -0.25, -0.375, 1.0, 0.0, 0.25, -0.125, 0.75, -0.375, 0.0, 0.75, 0.0, 0.0, -0.625, 0.0, 0.0, 0.0, -0.5, -0.625, 0.0, -0.125, 0.375]","[0.0, -0.6408, -0.8516, 0.5859, 0.5106, 0.0, 0.0, 0.0, 0.3802, 0.6249, 0.6697, -0.5707, -0.3182, 0.0772, 0.4003, 0.0, 0.0, 0.0, 0.8779, 0.5994, -0.128, 0.4215, 0.4404, 0.5994, 0.0, 0.0, 0.3182, 0.7579, 0.9228, 0.0, 0.0, 0.0, 0.6369, -0.4767, 0.5399, 0.2023, 0.5994, 0.1027, 0.5819, 0.4404, 0.0, 0.0, -0.5859, 0.34, 0.0, 0.0, 0.2023, -0.3818, 0.0, 0.7574, 0.6884]",51,0.113,0.18282745098039213
22,2018-09-23,"[0.625, 0.0, 0.75, 0.375, 0.75, 0.125, 0.0, 0.0, 0.0, 0.0, -0.25, 0.0, 1.25, 0.0, -1.125, 0.0, -0.375, 0.0, 0.0, 0.0, 1.75, 0.125, 0.0, 1.0, -1.0, 0.0, 0.0, -0.375, 0.125, -0.75, 0.0, 0.0, 0.125, 0.0, 0.5, -0.125, 0.625, -0.625, 0.0, 0.0, 0.0, 0.0, 0.0, 0.125, 0.0, 0.0, -0.125, 0.125, 0.0, 0.125]","[0.6249, 0.0, 0.8172, -0.1531, 0.0, 0.0, 0.0, 0.0, 0.0, 0.0, 0.0, 0.0, 0.6696, 0.0, -0.4019, 0.0, -0.4019, 0.1531, 0.3612, 0.69, 0.0, 0.4588, 0.69, 0.8176, -0.2023, 0.6588, 0.4137, -0.2732, 0.6239, -0.2732, 0.0, 0.8061, -0.2023, 0.0, 0.8356, 0.0258, 0.5244, -0.2263, 0.552, 0.0, -0.3182, 0.0, 0.0, 0.5826, 0.4926, 0.0, -0.228, 0.0, 0.453, -0.2263]",50,0.075,0.16688399999999998
23,2018-09-24,"[0.0, 0.0, -0.125, 0.0, 0.0, 0.5, 0.125, 0.125, 0.0, -0.375, 0.125, 0.0, -0.125, 0.75, 0.0, 0.875, 0.0, -0.5, 0.5, -0.375, 0.375, 0.0, 0.875, 0.25, 0.0, 0.0, 0.0, 0.75, -0.25, 0.0, 0.0, 0.0, 0.0, 0.0, 0.0, -0.125, 0.0, 0.0, 0.75, 0.0, 2.125, -0.125, 0.375, 0.0, 0.0, 0.0, 0.0, 0.0, 0.0, 0.0, 0.375, 0.75, 0.0, 0.0]","[0.4137, 0.765, 0.3612, 0.0, 0.0, 0.25, 0.0, 0.1387, 0.0, -0.528, 0.1779, 0.8955, 0.0, 0.7777, 0.8126, 0.5984, 0.8076, -0.296, 0.0, 0.4588, 0.5093, 0.0, 0.7003, -0.7456, 0.6114, 0.3365, -0.7263, 0.2714, 0.8429, -0.34, 0.4215, 0.0, -0.3818, 0.0, 0.5267, -0.5423, -0.3612, 0.0, 0.6452, 0.0, 0.8741, 0.296, -0.541, 0.0, 0.4215, 0.0, 0.0, 0.0, 0.0, 0.0, 0.9825, 0.5267, 0.3182, -0.296]",54,0.1412037037037037,0.18487222222222216
24,2018-09-25,"[0.0, 0.625, 0.0, -0.25, 0.0, -0.25, -0.375, 0.0, 0.0, 0.0, 0.375, 0.375, 0.0, 0.125, 0.0, 0.0, 0.0, 0.375, 0.0, 0.0, 0.375, 0.0, 0.0, 0.0, 0.0, 0.0, 1.125, -1.125, 0.0, 0.0, 0.0, 0.0, 1.0, 0.375, 0.0, 1.625, 0.0, 0.0, 0.625, 0.0, 0.0, 0.0, 0.0, 0.0, 0.125, 0.0, 0.0, 1.125, 0.375, 0.375, -0.125, -0.375, 0.0, 1.25, 0.0, 0.625, 0.125, 0.125, 0.125, -0.625, 0.0, 0.0, 0.0, 0.625, 0.0, 1.0, 0.125, 0.0, 0.625, -0.125, 0.0]","[-0.7178, 0.6988, -0.5216, 0.1901, 0.3182, -0.7156, -0.4404, 0.0, 0.4215, 0.0, 0.4215, 0.6731, 0.4019, 0.8225, 0.0, -0.296, 0.0, 0.6324, 0.0, 0.0, 0.0, 0.0, 0.0, 0.0, 0.5837, 0.0, 0.7752, 0.0, 0.0, 0.0, 0.0, 0.0, 0.8842, 0.7184, 0.0, 0.5574, 0.0, 0.4215, 0.0, 0.4215, 0.0, 0.6597, 0.0, -0.296, 0.3595, 0.5574, 0.34, 0.5719, 0.7351, 0.6124, 0.0258, 0.0, 0.0, -0.2232, 0.0, 0.4019, 0.0, -0.3724, 0.0, -0.4767, 0.4559, 0.0, 0.0, 0.25, 0.0, 0.9018, -0.6249, 0.0, 0.4576, 0.0, 0.1007]",71,0.14612676056338028,0.1505211267605633
25,2018-09-26,"[0.0, 0.25, 0.0, 0.75, 0.0, 0.25, 0.75, -0.375, 0.0, 0.0, 0.0, 0.125, 0.0, 1.5, -0.25, 0.375, 0.0, 0.0, 0.0, 0.0, 0.0, 0.125, 0.0, -1.0, -0.25, 0.375, -0.625, 0.0, 0.0, 0.0, 0.75, 0.75, 0.0, 0.0, 1.25, 0.375, 0.125, 0.875, 0.0, -0.625, 0.0, -0.75, 0.0, 0.0, 0.0, 0.0, 0.0, -0.125, 0.0, 0.125, 0.0, 0.125, 0.0, 0.0, 0.0, 0.0, 0.0, 0.25, 0.875, 0.0, -0.25, 0.0, -0.375, -0.25, 0.0, 0.75, 0.0, -0.25, 0.0, 0.0, 1.0, 0.0, 0.125, 0.0, 0.0]","[0.0, 0.6705, 0.6486, 0.8074, 0.0, 0.2144, 0.8755, 0.0, 0.0, 0.0, 0.0, 0.2709, 0.0, 0.886, 0.3182, 0.5574, 0.0, 0.0, 0.0, 0.0, 0.0, -0.5242, 0.0, -0.8126, 0.9001, 0.0, 0.0, 0.2023, 0.0, 0.0, 0.8316, 0.0, 0.5106, 0.0, 0.8908, 0.0, 0.4199, 0.4404, 0.0, 0.3612, -0.1779, 0.128, 0.0, 0.4588, 0.9141, 0.0, 0.0, 0.5859, -0.6705, 0.3612, 0.4215, 0.5859, 0.5719, 0.0, 0.5859, 0.4215, 0.0, -0.296, 0.8531, 0.0, 0.0, 0.0, 0.4019, 0.936, 0.0, 0.8225, 0.0, 0.0, 0.4199, 0.8402, -0.2462, 0.0, -0.296, 0.6369, 0.0]",75,0.09,0.2230346666666667
26,2018-09-27,"[0.0, 0.0, 0.0, 0.0, -0.25, 1.75, 0.25, 0.375, 0.375, 0.5, 0.125, 0.0, -1.25, 0.0, 0.0, -0.5, -0.5, 0.0, -0.125, -0.75, 0.125, 0.375, 0.0, 0.0, 0.0, 0.0, 0.0, -0.125, 0.25, 0.625, 0.0, 0.75, -1.125, -0.75, -0.125, 0.125, -0.125, -0.625, 0.0, 0.0, 0.125, -0.125, 0.0, 0.0, 0.0, 0.0, 1.25, 0.25, 0.75, 0.0, 0.125, 0.375, -0.25, -0.125, 0.375, 0.75, 0.0, 0.0, -0.375, 0.0, 0.0, 0.0, 1.0, 0.0, 0.0, 0.0, 0.0, 0.0, -0.375, -0.125, 0.625, 0.0, -0.5, 0.0, 0.0, 0.0, 0.0, 0.0, 0.0, 0.125, 0.0, -0.125]","[0.802, 0.0, 0.0, 0.0, -0.4588, 0.948, 0.0, 0.0, 0.376, 0.7003, -0.7351, 0.0, -0.6486, 0.0, 0.0, 0.0, 0.4215, 0.5267, -0.1779, 0.7228, 0.68, 0.0, -0.3818, 0.0, 0.0, 0.5719, 0.0, -0.5106, 0.0, 0.8687, 0.0, 0.5994, -0.0608, -0.2003, 0.0, -0.4767, -0.1531, -0.6408, 0.8519, 0.4215, 0.5574, 0.5574, 0.0, 0.4753, 0.0, -0.6597, 0.8658, 0.7959, 0.7906, -0.6597, 0.4199, -0.34, 0.0, 0.4767, 0.7081, -0.5106, 0.0, 0.0, 0.0, 0.4215, 0.6514, 0.7125, 0.4215, 0.0, 0.0, 0.4215, 0.2235, 0.6824, 0.0, 0.5859, 0.0, 0.0, 0.4215, 0.0, 0.34, 0.5526, 0.34, 0.0, 0.34, -0.296, 0.0, -0.8897]",82,0.038109756097560975,0.15185243902439025
27,2018-09-28,"[0.625, 0.0, 0.75, 0.0, 0.0, -0.125, 0.0, 0.0, 0.75, -0.75, -0.375, 0.625, 0.0, -0.25, 0.0, 0.0, -0.375, 0.0, 0.375, -0.25, 0.375, 0.5, 0.625, 0.75, 0.375, 0.625, 0.25, 0.0, 0.0, 0.0, 0.125, 0.0, 0.875, 0.375, 0.0, 0.0, 0.0, 0.75, 0.375, 0.125, -0.25, 0.375, 0.0, 0.0, -0.625, 0.0, 0.0, 0.0, 0.0, 0.125, -0.5, 0.625, 0.125, 0.0, 0.0, 0.0, 0.875, 0.0, -0.5, 0.0, 0.75, 0.0, 0.875, 0.0, -0.375, 0.0, 0.0, -0.25, 0.0, 0.25, 0.0, 0.0, 0.25, 0.0, 0.0, 0.375, 0.0, 1.125, 0.0, -0.125, -0.25]","[0.6705, 0.4753, 0.765, 0.0, -0.5009, 0.8591, 0.0, 0.0, 0.6901, -0.4767, 0.4215, 0.6083, 0.0, 0.048, -0.6249, 0.0, 0.0, 0.0, 0.7351, 0.0, 0.0, 0.6597, 0.0, 0.25, 0.0, 0.5574, 0.4019, 0.0, 0.8302, 0.6739, -0.4019, 0.0, 0.4215, -0.5106, -0.3578, 0.7125, 0.0, 0.0, 0.0, 0.4926, -0.0772, 0.6731, 0.0, 0.5994, 0.1796, 0.0, 0.0, 0.0, 0.0, 0.6114, 0.8591, 0.34, 0.0, 0.0, 0.0, 0.0, 0.4404, 0.0, 0.5003, 0.0, 0.6115, 0.2023, 0.4703, 0.0, 0.0, 0.0, -0.7096, 0.4753, 0.0, 0.0, 0.4215, 0.4939, 0.5106, 0.0, 0.0, 0.2144, 0.4215, 0.836, 0.0, 0.0, -0.7177]",81,0.12345679012345678,0.18217160493827156
28,2018-09-29,"[0.0, -0.375, 0.0, 1.0, 0.0, 0.0, 0.0, 0.0, 0.0, -0.125, 0.0, -0.5, 1.25, 0.0, 0.0, 0.0, 0.0, 0.25, 1.125, 1.25, 0.0, 0.875, 0.0, 0.0, 0.0, 0.0, 0.0, 0.0, 0.125, 0.375, 0.0, 0.125, 0.0, 0.0, 0.0, 0.25, 0.0, 0.0, 0.0, 0.0, 0.0, 0.0, 0.0, 0.0, 1.125, 0.0, 0.0, 0.0, -1.125, 0.875, 0.0, 0.0, 0.125, 0.0, 0.125, 0.0, -0.125, 0.0, 0.5, 0.0, 0.0, 0.0, 1.625, 0.25, 0.375, 0.875, 0.375, 0.625, 0.0, 0.25, 0.0, 0.0, 0.0, 0.0, 0.375, 0.0, 0.0, -0.125, 0.25, 0.0]","[0.0, -0.0258, 0.0, 0.4215, 0.0, 0.7003, 0.6988, 0.0, -0.481, 0.0, 0.4215, -0.2263, 0.5859, 0.4019, 0.4215, 0.34, 0.4215, 0.6696, 0.4404, 0.8327, 0.0, 0.9067, 0.0, 0.0, 0.5267, 0.0, 0.0, 0.0, 0.0, 0.5106, 0.0, 0.2023, 0.0, 0.0, 0.8349, 0.0, 0.0, 0.5106, 0.296, 0.7096, 0.4767, 0.0, 0.4215, 0.5093, 0.9001, 0.1154, 0.0, 0.0, 0.743, 0.69, 0.0, 0.4215, 0.8647, 0.0, -0.7351, -0.0772, -0.3818, -0.0148, -0.1022, 0.4215, 0.1779, 0.0, 0.9022, 0.1901, 0.0, 0.4404, 0.0, 0.0, 0.0, 0.8374, 0.0, 0.0, 0.4003, 0.0, 0.5267, 0.0, 0.5859, -0.4939, 0.2263, 0.0]",80,0.15,0.22707249999999993
29,2018-09-30,"[1.375, 0.0, 0.0, 0.0, -0.25, -0.125, 0.0, 0.0, -0.75, 0.0, -0.25, 0.375, 0.75, -0.25, 0.0, 0.0, 0.0, -0.625, -0.25, 0.625, 0.0, 0.125, 0.0, 0.0, 0.0, 0.125, 0.0, 0.0, 0.0, 0.125, 0.5, 0.125, 0.0, 0.0, -0.25, 1.25, 0.375, 1.625, 0.125, 0.375, 0.125, 0.0, 0.0, 0.0, 0.25, 0.0, 0.0, -0.625, 0.75, 0.125, -0.625, 0.0, 0.0, 0.625]","[0.8923, 0.0, 0.0, 0.4003, -0.2595, 0.3182, 0.5319, -0.34, 0.0, 0.4215, 0.3182, 0.8214, 0.0, -0.5994, 0.0, 0.5319, 0.0, -0.6486, 0.3612, 0.6988, 0.743, 0.0, 0.0, 0.6705, -0.3818, 0.0, 0.4215, 0.0, 0.0, 0.2144, 0.4939, 0.5859, 0.0, 0.0, 0.2023, 0.5574, 0.5411, 0.7037, 0.7772, 0.0, 0.0, 0.0, 0.4588, 0.4005, 0.5267, 0.0, 0.0, -0.68, 0.8979, 0.0772, -0.347, 0.4215, 0.5411, 0.4648]",54,0.10648148148148148,0.21738518518518518
30,2018-10-01,"[0.625, 0.375, 0.125, 0.0, 0.75, 0.125, 0.0, 0.0, 0.0, -0.125, 1.0, 0.625, 0.25, 1.0, 0.0, 0.125, 0.0, 0.0, -0.125, 0.875, 0.0, 0.0, 0.125, 0.375, 0.875, 0.0, 0.125, 0.375, 0.0, -0.625, 1.0, 0.125, 0.5, 0.875, 0.875, 0.125, 0.0, 1.125, 0.75, 0.625, 0.25, 0.375, 1.0, 0.875, 0.0, 0.0, 0.0, 0.125, 0.125, 0.125, -0.625, 0.875, 0.375, 0.125, 0.875, 0.375, 0.625, 0.125, 0.0, 0.125, 0.75, 0.0, 0.375, 0.875, 0.125, 0.0, 0.125, 0.125, -0.25, 0.0, 0.0, 0.0, -0.625, 0.875, 0.0, 0.0, 0.0, 0.0, 0.375, 0.0, -0.5, 0.125, 0.0, 0.0, 0.0, 0.0, 0.25, 0.0, -0.75, 0.875, 0.5, 0.0, 0.875, 0.625, 0.0, 0.375, 0.125, 0.125, -0.625, 0.0, 1.0, 0.0, 0.125, 0.5, 0.375, 0.375, 0.25, 0.375, 0.375, -1.375, 0.0, 0.125, 1.0, 0.125, 0.375, 0.125, 0.625, 0.0, 0.75, 0.375, 0.125, 0.0, 0.0, 0.75, 0.0, 0.125, 0.0, 0.875, 0.0, 0.0, 0.125, 0.375, 0.625, 0.0, 0.375, 0.0, -0.375, 0.0, 0.125, -0.875, 0.0, 0.0, 0.375, -0.25, 0.125, 0.375, 0.0, -0.125, 0.25, 0.0, 0.0, 0.375, 0.0, -0.75, 0.125, 0.125, 0.0, 0.5, 0.125, -0.25, 0.0, -1.5, 0.125, 0.0, 0.375, 0.0, 0.125, 0.625, -0.125, 0.25, 0.375]","[0.6369, 0.0, 0.1779, 0.6166, 0.4404, -0.3869, -0.6249, 0.0, 0.68, 0.6239, 0.861, 0.4019, 0.7506, 0.765, 0.0, 0.0, 0.0, 0.0, -0.296, 0.8598, 0.0, 0.0, -0.3612, 0.6166, 0.9164, 0.0, -0.34, 0.0, 0.0, -0.6486, 0.4939, 0.5994, 0.5256, 0.5927, 0.6369, 0.0, 0.0, 0.928, 0.6369, 0.8255, -0.3605, 0.3506, 0.6369, 0.3818, -0.296, 0.0, 0.3612, 0.0, 0.0, 0.5994, -0.128, 0.7717, 0.3818, 0.8356, 0.8271, -0.9436, 0.4642, 0.6124, 0.0, 0.5267, 0.658, 0.7003, 0.0, 0.906, 0.6696, 0.34, 0.0, 0.0, 0.2263, 0.4574, 0.0, 0.4033, -0.3595, 0.6597, 0.0, 0.0, 0.0, 0.5949, 0.4588, 0.0, 0.7605, 0.0, 0.4753, 0.0, 0.6808, 0.0, 0.7184, 0.3612, 0.1658, 0.9265, 0.6808, 0.0, 0.6369, -0.0772, 0.0, 0.0, 0.5719, 0.5413, 0.9781, 0.0, 0.9445, 0.0, -0.743, -0.0601, 0.2144, 0.6908, 0.6249, 0.3612, 0.0, -0.5859, 0.34, 0.7178, 0.6808, -0.4404, 0.0, 0.0, 0.3197, 0.0, 0.6705, 0.5562, 0.6249, 0.2714, 0.0, 0.877, 0.0, 0.6249, -0.5859, 0.714, 0.0, 0.5446, 0.34, 0.4588, 0.34, 0.0, 0.4215, 0.0, 0.0, 0.0, -0.8402, -0.6705, 0.0, 0.0, 0.6908, -0.2023, 0.555, 0.0, 0.7065, -0.6808, 0.4019, 0.4215, 0.0, -0.4449, 0.34, -0.2185, 0.6114, 0.3182, 0.0, 0.4588, 0.5859, 0.0, 0.0, -0.3612, 0.0, 0.0, 0.5719, 0.7003, 0.5093, -0.1695, -0.7048, 0.34, 0.34]",171,0.18932748538011696,0.24132222222222235
31,2018-10-02,"[0.0, 0.25, 0.125, 0.375, 0.0, 0.125, 0.0, 0.0, 0.0, 0.75, -0.125, 0.375, 0.5, 0.0, 0.125, -0.625, -0.5, -0.5, 0.0, 0.0, 0.0, 0.0, 0.125, 0.0, 0.0, 0.75, 0.75, 0.875, 0.0, 0.25, -0.5, 0.0, 0.0, 0.0, 0.125, 0.0, 0.0, 0.75, 0.375, 0.0, 0.0, 0.0, 0.25, 0.375, 0.375, 0.25, 0.625, 0.0, 0.0, 0.0, 0.375, 0.0, 0.0, 0.25, 0.0, 0.0, 0.125, 0.0, 0.125, 0.0, 0.75, -0.5, -0.75, 0.0, 0.0, 0.0, 0.125, 0.0, 0.375, 0.0, 0.0, 0.0, 0.5, 0.0, 0.75, 0.0, 0.0, 0.375, 0.5, 0.5, 1.75, 0.375, 0.75, -0.125, 0.125, 0.0, 0.0, 0.375, 0.0, 0.0, 0.0, -0.125, 0.75, 0.0, 0.0, 0.5, 0.875, 0.0, 0.5, 0.0, 0.875, 0.125, 0.0, -1.625, 0.625, 0.5, 0.0, -0.5, 0.0, 0.75, 0.875, -0.625, 0.0, -0.625, 0.125, 0.25, 0.0, 0.375, 0.125, -0.125, 0.125, 0.125, 0.0, -0.125, 0.625, 0.0, 0.0, 0.5, 0.375, 0.0, -0.125, 0.0, 0.125, -0.25, 0.875, -0.25, 0.0, 0.0, 0.375, 0.0, -1.375, 0.0, 0.0, 0.0, 0.0, 0.5, 0.5, 0.5, -0.125, 0.0, 0.0, 0.0, -0.625, 0.0, 0.0, 0.125, 0.0, 0.625, 0.125, -0.5, 2.25, 0.0, 0.125, -1.0, 1.125, 0.0, 0.0, 0.0, -0.25, 0.875, 0.0, 0.375, -0.125, 0.25, 0.0, 0.0, -0.5, 0.0, 0.0, 0.625, 0.125, 0.125, 0.0, 1.75, 0.125, 0.125, 0.0, 0.0, 0.125, 0.0, 0.0, 0.0, -0.875, 0.0, 0.25, 0.0, 0.25, 0.125, -0.25, 0.625, 0.75]","[-0.0119, 0.3612, 0.0, 0.6908, 0.0, 0.8016, 0.0, 0.0, 0.0, 0.0, 0.8478, 0.0, 0.0772, 0.0, 0.0, 0.469, -0.3182, 0.4215, 0.0, 0.4357, 0.0, 0.4404, 0.0, 0.0, 0.0, 0.6369, 0.0, 0.4404, 0.4466, 0.0, 0.5411, 0.0, 0.4588, 0.4215, 0.0, 0.0, 0.2023, 0.0, 0.7003, 0.2023, -0.5994, 0.4215, 0.0, 0.6908, 0.9312, 0.5574, 0.0, 0.25, 0.4588, 0.34, 0.0, 0.3612, 0.0, 0.0, 0.0, 0.0, 0.0, 0.0, 0.2003, 0.0, -0.2853, 0.0, 0.128, 0.0, 0.4939, -0.296, 0.0, 0.5859, 0.34, 0.0, 0.34, 0.0, -0.4019, 0.0, 0.7283, 0.4215, 0.0, -0.2411, 0.34, 0.2023, 0.9423, 0.0, 0.4404, 0.0516, 0.0, 0.0, 0.0, 0.0, 0.0, 0.34, 0.0, -0.5423, -0.5994, 0.0, 0.3612, 0.296, 0.5562, 0.0, -0.5719, 0.0, -0.2023, 0.5994, 0.0, 0.0, 0.6486, -0.6597, 0.34, 0.0516, 0.1298, 0.7777, -0.34, 0.0, 0.0, 0.0, 0.4215, -0.4767, 0.8834, 0.6037, 0.0, 0.0, 0.3182, 0.34, 0.0, 0.0, 0.5719, 0.0, 0.0, -0.4588, 0.0, 0.0, 0.5848, 0.0, 0.0, 0.128, 0.8016, 0.0, 0.4019, -0.1027, 0.6419, 0.0, -0.6486, 0.0, 0.0, -0.3818, 0.5242, 0.25, 0.25, 0.0, 0.0, 0.2263, 0.0, 0.0, -0.4767, 0.5093, 0.0, 0.4215, 0.0, 0.3182, -0.6369, -0.4404, 0.9113, 0.0, 0.5106, -0.1134, 0.6705, 0.0, 0.0, 0.4215, 0.0, 0.6486, -0.6731, 0.5994, 0.969, 0.6249, 0.0, 0.0, 0.3802, -0.3612, 0.0, 0.6581, 0.4926, 0.0, -0.516, 0.6416, 0.0, 0.34, 0.5859, 0.1779, 0.4404, 0.0, 0.0, 0.5242, -0.7717, 0.5106, 0.0, 0.0, 0.7256, 0.0, -0.2263, 0.0, 0.7096]",201,0.1281094527363184,0.1507786069651742
32,2018-10-03,"[0.0, 0.0, 0.0, 0.0, 0.25, 0.0, 0.75, 0.125, -0.375, 0.0, 0.0, 0.0, -0.625, 0.875, -0.75, 0.125, 0.0, 0.0, -0.75, 1.75, 0.0, 0.0, 0.0, 1.125, 0.0, 0.0, 0.0, 0.0, 0.0, 1.875, 0.25, 0.0, 0.0, 0.625, 0.0, 0.0, 0.0, 0.375, -0.375, -0.25, 1.125, 0.0, 1.375, 0.0, 0.875, 0.25, 0.0, 0.0, 0.0, 0.5, -0.25, 0.0, -0.125, 0.375, 0.0, 0.0, -0.125, 0.0, 0.875, 0.0, 0.0, 0.0, 0.25, 0.0, 0.875, 0.5, -0.25, 0.0, 0.875, 1.0, 0.0, -0.375, 0.0, 0.0, 0.25, 0.125, -0.25, 0.0, 0.0, 0.0, 0.0, 0.0, 0.5, 0.0, 0.75, 0.0, 0.0, -0.625, -0.25, 0.0, -0.125, 1.75, 0.375, 0.375, -0.25, 0.25, -0.375, 0.0, 0.0, 0.375, 0.0, 0.25, 0.375, 0.0, 0.0, 2.0, 0.0, 0.875, 0.0, 0.0, 0.375, 0.375, -0.25, -0.25, 0.0, 0.5, -0.25, 0.0, 0.0, 0.25, 0.0, -0.25, 0.0, 0.5, 0.0, 0.375, 0.0, 0.0, 0.125, -0.125, 0.0, 0.5, 0.0, 0.0, 0.125, -0.5, 0.125, 0.125, 0.0, -0.125, 0.0, 0.0, 0.375, 0.375, 0.25, 0.125, 0.0, 0.0, 0.0, 0.0, 0.0, 0.0, 0.0, 0.125, -0.25, 0.0, 0.0, 0.0, 0.125, 0.0, -0.5, 0.0, -0.125, 0.0, 0.0]","[0.0, 0.0, 0.0, 0.0, 0.0, 0.0, 0.0, 0.34, 0.0, 0.0, 0.0, 0.0, 0.0, 0.6124, 0.0516, 0.0, 0.3595, -0.5719, 0.6003, 0.9432, 0.0, 0.0, -0.3612, 0.0, 0.4753, 0.0, 0.2714, 0.1531, -0.1779, 0.3802, 0.5423, 0.4144, 0.0, 0.0, 0.0, 0.4796, 0.5859, 0.3365, -0.4199, 0.1779, 0.8636, 0.4926, 0.7887, 0.5859, 0.8689, 0.0, -0.1363, 0.0, 0.0, 0.0, 0.0258, 0.0, 0.5413, 0.0, 0.0, 0.0, 0.0, 0.0, 0.8925, 0.0, 0.0, 0.0, 0.0, 0.0, 0.5859, 0.6103, 0.0, 0.0, 0.6369, 0.8173, 0.0, 0.3365, 0.0, 0.7345, 0.4588, 0.5719, 0.5106, 0.0, 0.6369, 0.6369, 0.0, 0.0, 0.7003, 0.9022, 0.5994, 0.0, 0.7783, 0.0, 0.4767, 0.6124, 0.1027, 0.8126, 0.5119, 0.0, 0.0, 0.0, -0.7543, 0.3612, 0.0, 0.0, 0.4215, 0.0, 0.624, 0.0, 0.0, 0.5574, 0.4215, 0.3612, -0.5984, -0.126, 0.0, 0.0, -0.6166, 0.0, 0.3612, 0.34, 0.0, 0.0, 0.1779, 0.0, 0.0, 0.4215, 0.5411, 0.6124, 0.0, 0.5859, 0.296, 0.4215, 0.0, 0.0, 0.0, 0.1867, 0.0, 0.0, 0.0, 0.0, 0.6633, 0.0, 0.0, 0.0, 0.0, 0.2023, 0.34, 0.34, 0.9468, -0.5106, -0.34, 0.0, 0.0, 0.0, 0.0, -0.3818, 0.0, 0.0, -0.6486, 0.0, 0.1531, 0.431, 0.7088, 0.0, 0.4215, 0.3612, 0.0, -0.1531, 0.4753]",165,0.12878787878787878,0.1803248484848485
33,2018-10-04,"[0.0, 0.0, 0.0, 0.0, -0.25, 1.0, 0.0, 0.0, 0.625, 0.0, 0.0, 0.0, 1.0, -0.25, 0.0, 0.25, -0.125, 0.0, 0.0, 0.75, 0.5, -1.875, 0.125, 0.0, 0.0, -0.125, 0.125, -0.75, 0.0, 0.125, -0.875, -0.125, 0.0, 0.5, 0.0, -0.25, 0.0, 0.25, 0.0, 0.375, 0.125, -0.125, 0.375, 0.0, 0.0, 0.0, 0.0, 0.0, 0.0, 0.0, -0.375, 0.875, 0.125, 0.875, 0.625, 0.0, -1.125, -0.125, 0.0, 0.0, 0.0, 0.75, 0.75, -0.375, 0.0, 0.0, 0.5, 0.0, -1.625, -0.75, 0.5, 0.0, -0.375, 0.125, 0.375, 0.125, -0.25, 0.0, 0.0, -0.25, 0.0, 0.125, 0.25, 0.0, 0.0, 0.0, 0.0, 0.0, -0.25, -0.375, 0.0, -0.125, 0.0, 0.0, 0.25, 0.0, 0.0, -1.25, 0.0, 0.0, -0.125, 0.0, 0.0, 0.75, 0.0, 0.875, 0.375, 0.75, 0.25, 0.0, 0.0, 0.0, 1.25, 2.0, 0.0, 0.375, 0.25, -1.625, -0.5, 0.0, 1.5, 0.25, 0.125, 0.0, -0.25, 0.25, -0.125, 0.375, 0.25, -0.5, 0.0, -0.25, -0.5, 0.875, 0.375, 0.0, 0.0, 0.375, 0.0, -0.25, 0.375, -0.25, 0.875, 1.25, 0.5, 0.0, 0.125, 0.0, 0.0, 0.375, 0.0, 0.125, 0.0, 0.0]","[0.0, 0.8019, -0.0258, 0.0, 0.0, 0.5106, 0.0, 0.3612, 0.8658, -0.3818, 0.4871, 0.0, 0.5994, 0.8885, 0.6705, -0.1027, 0.0, 0.0, 0.0, 0.8658, 0.6249, -0.2068, 0.4588, 0.296, -0.3182, -0.4995, 0.0, -0.1027, 0.7269, 0.0, -0.4215, -0.7096, 0.0, 0.34, 0.4215, 0.368, 0.0, -0.7845, 0.0, 0.7579, 0.7579, 0.0, 0.34, 0.5423, 0.2023, 0.0, 0.2023, 0.0, 0.34, 0.0, 0.0, 0.7215, 0.0, 0.7096, 0.765, 0.296, -0.296, -0.25, 0.0, 0.0, 0.0, 0.765, 0.765, 0.0, 0.0, 0.0, 0.784, 0.0, -0.7269, 0.5267, 0.0, 0.0, 0.2263, 0.2023, 0.4084, 0.4753, 0.6696, 0.0, 0.0, 0.7739, 0.0, 0.5859, -0.765, 0.4215, 0.0, 0.4215, 0.0, 0.0, -0.4215, 0.0772, 0.8442, -0.5574, 0.4215, 0.0, 0.25, 0.0, 0.2263, -0.3786, 0.0, 0.0, 0.7717, 0.0, -0.7418, 0.4926, 0.4767, 0.7034, 0.0, 0.0, 0.0, 0.0, 0.0, 0.0, 0.8658, 0.8555, 0.34, 0.0, -0.5267, -0.4767, -0.4939, 0.0, 0.7096, -0.4404, 0.0, 0.4019, 0.34, 0.3906, 0.2942, 0.0, 0.0, -0.0772, 0.466, 0.0, 0.0, -0.126, 0.4939, -0.2808, 0.0, 0.5673, 0.2263, 0.8695, 0.0, 0.0, 0.6908, 0.8625, 0.5267, 0.0, 0.0, 0.0, 0.4215, 0.5106, 0.2682, 0.4404, 0.5267, 0.0]",154,0.07061688311688312,0.1764071428571428
34,2018-10-05,"[0.0, -0.125, 0.0, -0.25, 0.125, 1.0, 0.0, 0.375, 0.0, 0.25, -0.625, 1.5, 0.0, 0.0, 0.125, 0.875, -0.375, 0.0, 0.5, 0.25, 1.25, 0.0, 0.0, 0.0, -0.625, 0.0, 1.375, 0.0, 0.0, 0.5, 0.0, 1.25, 0.375, 0.0, 0.5, 0.375, -0.25, -0.25, 0.0, 0.375, -0.375, 0.0, 0.125, 0.0, 0.125, 0.25, 1.375, 0.0, 0.0, 0.0, 0.0, 0.0, 0.0, 0.0, -0.625, 2.25, 0.875, 0.25, -0.125, 0.0, 0.0, 0.5, 0.0, 0.125, 0.0, 0.0, 0.0, 0.375, 0.0, 0.125, -0.125, 0.25, -0.375, 0.0, -0.625, 0.375, 0.375, 0.625, 0.875, 1.0, 0.0, 0.0, 0.875, 0.5, 0.0, 0.875, 0.0, 0.0, 0.75, 0.75, 0.375, 0.25, -0.125, -0.375, -0.625, 0.0, -0.25, 0.0, -0.375, 0.0, 0.625, 0.0, 0.5, 0.0, 0.0, 0.0, 0.75, 0.125, 0.0, 0.0, -0.25, 0.5, -0.625, 0.75, -0.25, 0.25, 0.0, 0.0, 0.0, 0.0, 0.0, 0.25, 1.0, 0.75, 0.0, 0.75, -0.25, 0.0, 0.75, 0.375, 0.125, 0.0, 0.0, 1.25, 0.625, 0.0, 0.0, 0.0, 0.0, 0.0, -0.25, 0.0, 0.125, 0.875, 0.125, 0.5, 0.0, 0.5, 0.0, 1.25, 0.5, 0.0, 0.5, 0.75, 0.0, 0.875, 0.125, -0.125, 0.0, 0.125, 0.0, 1.125, 0.125, -0.75, 0.0, -0.5, 1.375, 0.125, 0.125, -0.125, -0.5, -0.25, 0.0, 0.0, 0.25, -0.25, 0.75, 0.375, 0.625, -0.5, 1.0, 0.5, 0.0, 0.5, 0.375, 0.0, 0.0, 0.0, 0.75, -0.375, 0.125, 0.0, 0.25, 0.0, -0.625, 0.5, 0.5, -0.125, 0.0, 1.5, 0.0, 0.75, 0.375, 0.0, 0.375, -0.375, 0.375, 0.125, 1.125, -0.375, -0.5, 0.125, 0.375, 0.0, -0.125, 0.75, -0.25, 0.0, 0.0, 0.0, -0.875, 0.0, 0.25, -0.25, -0.125, 0.0, 0.375, 0.0, 0.0, 1.25, -0.125, 0.375, 0.0, -0.25, 0.0, 0.0, 0.0, 0.375, 0.0, 0.0, -0.25, 0.0, 0.0, 0.0, 0.125, -0.625, 0.0, 0.375, 0.5, 0.0, 0.125, 0.0, 1.75, 0.0, 0.0, -0.125, 0.0, 0.0, -0.375, 0.0, 0.0, 0.0, 0.0, 0.0]","[0.0, 0.765, 0.0, 0.0, 0.6369, 0.6901, 0.0, 0.2617, 0.0, 0.7346, 0.1901, 0.6369, 0.0, -0.296, 0.5859, -0.7111, -0.3612, 0.6369, 0.0, 0.5873, 0.6908, 0.0, 0.0, 0.0, 0.0, 0.0, 0.8591, 0.0, 0.0, 0.4574, 0.0, 0.8395, 0.0, 0.0, 0.0, 0.0, 0.34, 0.2023, 0.0, 0.5994, 0.0, 0.0, 0.6124, 0.25, -0.0772, 0.4508, 0.9128, 0.0, 0.2263, 0.0, 0.0, 0.0, 0.0, 0.0, -0.8352, 0.9257, 0.8212, -0.5423, 0.0, 0.2714, 0.0, 0.6941, 0.0, 0.0, 0.4215, 0.6239, 0.6269, 0.9042, 0.0, -0.2584, 0.2714, 0.2023, 0.0, 0.0, 0.6841, 0.0, 0.816, 0.0, -0.3802, 0.4939, 0.0, 0.0, 0.3164, 0.6124, -0.2263, 0.4199, 0.0, 0.0, -0.0772, 0.0, 0.3987, 0.2144, 0.1531, 0.0, 0.0, 0.0, 0.5789, 0.0, 0.0, 0.0, 0.6697, 0.4215, 0.3382, 0.0, 0.0, 0.0, 0.0, 0.0, 0.0, 0.4215, 0.25, 0.2023, 0.4019, 0.4404, 0.4019, 0.4019, 0.0, 0.0, 0.0, 0.0, 0.7717, 0.4215, 0.8805, 0.6696, 0.0, 0.4215, 0.802, 0.0, 0.8225, 0.4703, 0.8126, 0.4173, 0.0, 0.4404, 0.4767, 0.765, 0.1154, 0.7717, 0.0, -0.4184, -0.0772, 0.8623, -0.0772, 0.0, 0.6588, 0.0, -0.1431, -0.4019, 0.2363, 0.802, -0.4939, 0.296, 0.7003, 0.0, 0.8436, 0.6115, 0.0, 0.6876, -0.4019, 0.9076, 0.0, 0.7269, 0.0, 0.0, -0.8834, 0.6486, 0.5983, 0.7906, 0.3595, 0.6369, 0.5719, 0.2732, 0.0, 0.4019, 0.4145, 0.0, 0.7644, 0.5267, 0.636, 0.0, 0.8658, 0.4588, 0.0, 0.8832, 0.5574, 0.3612, 0.0, 0.4939, 0.8599, 0.0, 0.0, -0.6312, 0.5859, 0.4168, -0.0431, 0.6369, 0.6369, 0.4588, 0.7568, 0.6824, 0.6588, 0.6249, 0.4404, 0.4019, 0.8881, 0.6124, 0.0, 0.5994, 0.0, -0.4939, 0.6696, -0.2732, 0.0, 0.0, 0.0, 0.9033, 0.2023, 0.34, 0.0, 0.0, -0.6687, 0.0, 0.5574, 0.7482, 0.4588, 0.0, 0.743, 0.0, 0.34, 0.7351, -0.3182, 0.0, 0.2263, 0.0, 0.0, 0.4019, 0.0, 0.0516, 0.0, 0.7579, -0.5267, 0.4199, 0.7579, 0.0, 0.0, -0.4019, 0.8271, 0.0, 0.7177, 0.0, 0.0, 0.8353, 0.0, 0.4215, 0.0, 0.2003, 0.4588, 0.0, -0.4926, 0.3365, 0.0, 0.2023, 0.0, 0.0]",264,0.16950757575757575,0.24341553030303031
35,2018-10-06,"[0.0, 0.125, -0.25, 0.0, 0.0, 0.0, 0.5, 0.0, -0.375, 0.0, 0.5, -0.375, -0.125, 0.0, 1.0, 0.625, 0.0, 0.0, 0.0, 0.0, 0.5, 0.375, 0.0, 0.0, 0.0, 0.75, 0.875, 0.0, 0.0, 0.0, 0.75, 0.375, 0.0, 0.0, 0.0, -0.25, 0.0, -0.75, -1.25, -0.5, 0.0, 0.0, 0.125, -0.25, 0.0, 0.125, 1.375, 0.0, 0.0, 0.5, 0.0, 0.0, 0.0, 0.0, 0.0, 0.375, 0.0, -0.25, 1.0, 0.0, 0.0, 0.0, 0.0, 0.0, 0.0, 0.375, 1.0, 0.0, -0.125, 0.0, 0.375, 0.0, 0.625, 1.0, 0.0, 0.0, 0.0, 0.0, 0.0, 0.0, 0.0, 0.375, 0.875, -0.5, 0.0, -0.375, -0.875, 1.25, -0.375, 0.0, -0.875, 0.0, 0.0, 0.375, 0.0, 0.125, 1.0, 0.0, 0.0, 0.375, 0.0, 0.875, 0.875, 0.0, 0.0, -0.125, 0.75, 1.0, 0.0, -0.5, 0.0, 0.0, 0.25, 0.0, 0.0, 0.0, 0.75, 0.0, 0.0, 0.75, 0.875, 0.375, 0.0, 0.25, 0.0, 0.0, 0.0, 0.25, -0.5, 0.0, 0.5, 0.75, 0.625, 0.0, 1.125, 0.0, 0.125, 1.75, 0.0, 0.0, 0.0, 0.0, 0.0, 0.25, 0.0, -0.125, 0.0, 0.0, -0.375, 0.0, 0.25, 1.0, 0.0, 0.0, 0.0, -0.125, -0.75, 0.875, 0.0, -0.5, 0.125, 0.625, 0.0, 0.0, 0.0, 0.0, 0.0, 0.75, 0.25, 0.125, 0.875, -0.5, 0.0, -0.625, 0.625, -0.375, 0.0]","[0.0, 0.0, 0.1511, 0.0, 0.5859, 0.0, 0.5538, 0.0, -0.2714, 0.0, 0.0, 0.3612, 0.4939, 0.2648, 0.7712, 0.34, 0.0, -0.4003, 0.0, 0.0, 0.0, 0.0, -0.0516, 0.34, 0.0, 0.6369, 0.4404, 0.4767, 0.0, 0.0, 0.9136, 0.7269, 0.0, 0.0, 0.4215, 0.0, 0.0, 0.0, -0.6486, 0.5106, 0.0, 0.0, -0.2584, 0.7506, 0.5423, -0.6982, 0.3597, 0.0, 0.0, 0.5023, 0.0, 0.5719, 0.0, 0.0, 0.0, 0.5542, 0.0, 0.2023, 0.3802, 0.6249, 0.0, 0.0, -0.3182, 0.7739, 0.0, -0.2263, 0.7125, 0.0, 0.0, 0.0, 0.4588, 0.0, -0.1779, 0.4754, -0.3802, 0.25, 0.0, 0.7717, -0.3566, 0.6418, 0.25, 0.5598, 0.9117, -0.5106, 0.4215, 0.4605, 0.3164, 0.0, 0.0, 0.0, -0.0772, 0.1717, 0.0, 0.0, -0.3612, 0.6722, 0.6369, 0.0, -0.0772, 0.0772, -0.1779, 0.1511, 0.5719, 0.9499, 0.0, 0.4215, 0.5106, 0.7644, -0.5106, 0.0, 0.8481, 0.0, 0.0, 0.7297, 0.0, 0.7351, 0.7906, 0.0, 0.0, 0.8829, 0.2244, 0.0, 0.2023, 0.0772, 0.0, 0.0, 0.0, 0.6124, -0.8532, -0.5927, -0.4019, 0.8658, -0.4574, 0.0, 0.7712, 0.0, 0.5411, 0.8555, 0.0, 0.0, 0.0, 0.8122, 0.0, 0.7351, 0.0, 0.5766, 0.0, 0.0, 0.9819, 0.0, 0.2263, 0.7334, -0.5927, 0.0, 0.2023, 0.6369, 0.0307, 0.6486, 0.0, -0.1027, 0.0, 0.1818, 0.0, -0.4109, 0.0, 0.0, 0.0, 0.0, -0.3147, 0.0, 0.8588, 0.0, 0.5719, 0.6734, 0.5709, 0.5106, 0.0]",177,0.13135593220338984,0.18230169491525414
36,2018-10-07,"[0.0, 0.0, -0.125, 0.375, -0.375, 0.0, 0.375, -0.75, 0.0, 0.375, -0.375, 0.0, 0.125, 0.0, 0.0, 0.0, -0.125, 0.5, 0.0, 0.0, 0.25, -0.375, 0.0, -0.625, -0.25, 1.125, 0.0, 0.0, -0.125, 0.0, 0.0, 0.0, 0.0, 0.0, 0.5, 0.0, 0.0, 0.0, 0.0, -0.125, -0.125, 0.0, 0.75, 0.0, 0.0, -0.125, 0.0, 0.0, 0.375, -0.375, -0.25, -0.375, -0.25, 0.75, 0.5, 0.0, 0.0, 0.0, 0.0, -0.25, 0.375, 0.75, 0.375, 0.0, 0.0, 0.375, 0.25, 0.0, 0.5, 0.0, 0.0, 0.625, 0.75, -0.25, -0.125, 0.25, 0.375, 0.125, 0.75, 0.75, -0.25, 0.25, 0.0, 0.25, 0.0, 0.625, 0.0, 1.375, 0.0, 0.0, -0.375, 0.125, 0.625, 0.625, 0.0, 0.125, 0.0, 0.0, 0.0, 0.0, 0.0, 0.0, 0.125, -0.25, 0.625, 0.875, 0.0, 1.25, -0.5, 0.0, 0.0, 0.0, 0.0, -1.5, 0.375, -0.125, 0.75, 0.0, 0.25, 0.0, 0.125, 0.375, 0.0, 0.5, 0.0, 0.375, 0.75, -0.875, 0.0, 0.25, 0.625, 0.0, 0.0, 0.0, 1.25, 0.0, -0.125, -0.75, 0.75, 0.125, -0.5, 0.0, 0.0, 0.0, 0.0, 0.0, 1.125, -0.5, 1.375, 0.75, -0.25, 0.0, -0.125, 0.0, -0.25, 0.0, 0.0, 0.0]","[0.0, 0.6239, 0.4939, 0.7125, 0.6808, 0.0, 0.6682, -0.9062, 0.0, 0.7579, 0.7184, 0.0, 0.6705, 0.0, 0.0, 0.0, 0.0516, 0.8503, 0.0, 0.0, 0.5859, -0.3892, 0.5719, 0.34, 0.34, 0.8074, 0.0, 0.5719, 0.0, 0.0, -0.296, 0.0, 0.0, 0.636, 0.5719, 0.0, 0.0, 0.0, 0.0, 0.6369, 0.0, -0.6597, 0.0, 0.0, 0.0, 0.564, 0.0, 0.0, 0.5859, 0.4003, -0.5106, 0.0, 0.0, 0.8271, 0.7125, 0.0, -0.569, -0.25, 0.0, 0.7263, 0.6705, 0.5106, 0.743, 0.0, -0.5949, 0.5106, 0.7052, 0.0, 0.4019, 0.2263, 0.1504, 0.0, 0.6476, 0.0, -0.1531, 0.0772, 0.1154, 0.4926, 0.4927, 0.4404, -0.5423, 0.7906, -0.0717, 0.9169, 0.0, 0.6369, 0.0, 0.4404, 0.0, 0.0, -0.3802, 0.0, 0.7717, 0.7592, 0.0, 0.0, -0.2808, 0.0, 0.0, 0.0, 0.0, 0.0, 0.7339, 0.2023, 0.5994, 0.0, 0.0, 0.939, 0.0, -0.3612, 0.4215, 0.128, 0.0, -0.4588, 0.0, 0.6303, 0.4404, 0.4588, -0.2177, 0.0, 0.5962, 0.0, 0.0, 0.5106, 0.0, 0.5994, 0.5709, -0.2526, 0.4215, 0.2732, -0.4287, 0.0, 0.0, 0.9169, 0.891, 0.0, -0.7227, 0.4215, 0.8439, 0.4199, 0.6486, 0.0, 0.4588, 0.4753, 0.0, 0.0, 0.6908, -0.0772, 0.8238, 0.5859, 0.0, 0.0, 0.0, 0.0, 0.636, 0.0, 0.6486, 0.0]",158,0.10838607594936708,0.21183481012658228
37,2018-10-08,"[0.0, 0.125, 0.0, 0.0, -0.125, 0.0, 0.25, 0.0, -0.5, 0.0, 0.125, -0.75, 1.0, 0.75, -0.125, -0.25, 0.0, 0.0, 0.375, 0.0, 0.0, 0.0, -0.5, -0.375, 0.125, 0.0, 0.0, 0.0, 0.625, -0.25, 0.0, 0.0, 0.0, 0.0, 0.0, 0.5, 0.625, 1.25, 1.25, 0.75, 0.0, 0.0, 0.0, 1.125, 0.625, 0.0, 0.0, -0.625, 0.125, 2.0, 0.75, 0.0, 0.0, 0.625, 0.25, 0.0, 0.0, 0.0, 0.75, 0.0, 0.0, 0.0, 0.0, -0.125, 0.0, 0.375, -0.75, 0.0, 1.125, 0.375, 0.0, 0.0, 0.125, -0.625, -0.25, 1.0, 0.75, 0.0, 0.0, 0.0, 0.0, 0.0, 0.0, 0.0, 0.125, 0.0, 0.625, 0.75, 0.0, 0.375, 0.375, 0.0, 0.375, 1.5, 0.0, 0.0, 0.5, 0.0, 0.0, 0.0, 0.125, 0.875, 1.25, 0.0, 0.5, 0.0, -0.25, 1.0, -0.625, 0.0, 0.0, -0.125, 0.0, 0.0, 0.0, 0.875, 0.0, 0.0, 0.75, 0.625, 0.0, 0.25, 0.75, -0.125, 0.0, 0.0, 0.125, 0.875, 1.0, 0.5, -0.625, 0.5, 0.0, 0.5, 0.0, -0.5, 0.0, 0.0, 0.0, 0.5, 0.0, 0.0, 0.0, 0.75, 0.0, -0.125, 0.125, -0.625, -0.375, 0.375, 0.125, 0.0, -0.25, -1.0, 0.0, 1.375, 0.0, -0.625, 0.0, -0.25, 0.5, 0.5, 1.0, 0.875, 0.0, 0.75, -0.25, 0.0, 1.125, 0.0, 0.0, 0.0, 0.375, 0.0, 0.0, 0.0, -0.5, 0.0]","[0.0, 0.0, 0.0, 0.0, -0.8531, 0.0, 0.0, 0.9563, 0.0, 0.0, -0.296, 0.0, 0.4902, 0.6369, 0.3147, 0.7835, -0.5423, 0.4184, 0.4404, 0.0, 0.0, 0.0, -0.4404, 0.4019, 0.8442, 0.0, 0.0, 0.0258, 0.5081, 0.4019, 0.0, 0.469, 0.0, 0.0, 0.0, 0.0, 0.6597, 0.8442, 0.5859, 0.2732, 0.5719, 0.5994, 0.658, -0.7964, -0.91, 0.658, 0.0, 0.8398, -0.3775, 0.7096, 0.0, 0.0, 0.0, 0.8712, 0.0, 0.0, 0.5093, 0.0, 0.9478, 0.0, 0.0, 0.0, 0.0, 0.0, 0.0, 0.0, -0.5983, 0.0, 0.7263, 0.0, 0.0, 0.0, 0.296, -0.5994, 0.0, 0.6808, 0.2714, 0.0, 0.0, 0.0, -0.1531, 0.0, 0.0, 0.0, 0.4199, 0.0, 0.1531, 0.0, 0.4574, -0.0772, 0.7378, 0.0, 0.7644, 0.5859, 0.0, 0.0, 0.5994, -0.7003, 0.0, 0.3885, 0.2263, 0.1248, 0.9151, 0.2023, -0.3182, 0.0, 0.6124, 0.34, -0.5994, -0.7351, 0.3612, 0.7003, 0.0, 0.0, 0.0, 0.7283, -0.0772, -0.4215, 0.0, 0.7783, 0.0, 0.5423, 0.6748, 0.167, 0.1531, 0.0, 0.0, 0.7067, 0.6908, -0.0772, 0.0, 0.6369, 0.2023, 0.296, 0.1779, 0.0, 0.0, -0.296, 0.4574, 0.7531, 0.0516, 0.0, -0.5108, 0.6361, 0.4215, 0.3612, 0.0, -0.5106, 0.3818, 0.802, 0.0, 0.1779, -0.368, -0.7783, 0.0, 0.7752, 0.0, 0.0, 0.5106, 0.0, 0.8047, -0.2387, 0.6369, 0.8316, 0.25, 0.7371, 0.0, 0.4215, -0.1531, 0.0, 0.1779, 0.0, 0.8687, 0.5242, 0.0, 0.0, 0.1111, 0.4939]",178,0.16713483146067415,0.17131966292134837
38,2018-10-09,"[-0.25, 0.0, -0.25, 0.0, 0.5, 0.375, -0.375, -0.375, -0.5, 0.0, 0.0, 0.0, 0.75, -0.75, 0.0, -0.25, 0.125, 0.0, 0.0, 0.0, -0.25, 0.0, 0.25, -0.375, 0.0, -0.5, -0.125, -0.125, -0.75, 0.0, 0.0, 0.0, -0.125, 0.0, 0.125, 0.0, 0.25, 0.0, -0.25, 0.0, 0.375, 0.0, 0.0, 0.5, 0.0, -0.25, 0.0, 0.0, -0.375, 0.25, 0.0, 0.25, 0.125, 0.0, 0.75, -0.875, 0.0, 0.0, 1.125, 0.0, 0.0, 0.625, 0.0, 1.375, 0.125, 0.0, -0.75, -0.5, 0.0, 0.0, 0.125, -0.25, -1.25, -0.75, -0.875, 0.125, 0.0, 0.375, 0.375, 1.75, -0.25, 0.125, 0.0, 0.0, 0.5, 0.0, 0.0, 0.625, 0.75, -0.25, 0.0, -1.375, -0.125, -0.375, 1.875, 0.0, -0.125, -0.75, 2.125, -0.25, 0.0, 0.875, 0.625, 0.75, 0.0, 0.0, 1.25, 0.0, 1.125, 0.0, 0.0, 0.375, 0.75, 0.0, 0.0, 0.0, 0.625, 0.0, 0.0, 0.0, 0.0, 0.0, 0.0, -0.25, 0.0, 0.0, 0.0, 0.375, 0.125, 0.0, 0.0, 0.125, 0.125, 0.375, 0.0, 0.125, -0.5, 0.0, -0.25, 0.0, 0.0, 0.75, 0.625, 0.0, 0.0]","[0.2714, 0.5242, 0.5994, 0.0, -0.296, 0.0, 0.6459, 0.6886, 0.0, 0.5473, 0.2023, 0.0, 0.0, -0.3818, 0.0, 0.34, 0.7901, -0.34, 0.0, 0.296, 0.0, 0.6767, -0.3971, 0.5994, 0.34, 0.0, -0.1511, -0.3382, 0.34, 0.34, 0.0, 0.0, -0.128, 0.3612, 0.0, 0.0, 0.765, 0.8655, 0.34, 0.6908, -0.5106, 0.0, 0.0, 0.4199, 0.4215, 0.8904, -0.3804, 0.3182, 0.4836, 0.34, 0.0, 0.0, 0.4215, 0.34, 0.7906, -0.8047, 0.5994, -0.2808, 0.4404, 0.0, 0.0, 0.0, 0.6369, 0.6597, 0.2023, 0.4215, 0.4678, 0.6597, 0.4939, 0.3612, 0.2263, -0.2204, -0.25, -0.68, -0.3612, -0.7707, 0.4215, 0.7322, -0.4215, 0.8203, 0.4019, 0.4926, 0.0, -0.5319, 0.25, 0.3595, 0.0, 0.7759, 0.0, 0.7184, 0.0, -0.5859, 0.4019, 0.5994, 0.5994, 0.0, 0.8807, 0.8122, 0.9087, 0.0, 0.1531, 0.0, 0.0, 0.5994, 0.5859, 0.2714, 0.8393, -0.4767, 0.34, 0.4215, 0.0, 0.4588, 0.9142, 0.6369, 0.5848, 0.0, 0.6369, 0.0, 0.0, 0.7717, -0.6705, 0.5848, 0.34, -0.4648, 0.3365, -0.4084, 0.0, 0.0, 0.4939, -0.25, 0.0, 0.0772, -0.6948, -0.5994, 0.0, 0.7901, 0.0, -0.5994, 0.4449, 0.0, 0.0, 0.6369, 0.8126, 0.0, 0.0]",145,0.06896551724137931,0.1981358620689655
39,2018-10-10,"[0.0, 0.25, 0.875, -0.125, 0.0, 0.0, 0.625, 0.5, 0.0, 0.0, 0.0, -0.125, 0.875, -0.125, 0.0, 0.0, 0.875, 0.75, -0.125, 0.0, 0.0, -0.125, 0.0, 0.0, 0.375, 0.5, 0.0, 0.0, 0.75, 0.0, 0.5, 0.5, 0.0, 0.25, 0.0, 0.0, 0.0, 1.25, 0.0, 0.0, -0.25, 0.25, 0.875, 0.375, -0.25, -0.25, 0.25, -0.25, 0.25, 0.0, 0.0, 0.0, -0.125, 0.0, 0.0, -0.5, 0.0, 0.25, 0.125, 0.125, 0.625, 1.875, 0.0, 0.0, -0.25, 0.0, 0.625, 1.125, 0.625, -0.625, 1.25, -0.125, -0.125, 0.0, 0.0, 0.0, 0.625, 0.0, 0.375, 0.5, 0.0, -0.25, 0.375, 0.0, 0.0, 0.0, 0.0, 0.875, 0.625, 1.125, 0.75, 0.0, 0.375, -0.125, 0.125, 0.625, 0.0, 0.375, 0.0, 0.375, -0.25, 0.0, -0.5, 0.0, 0.0, 0.0, 0.0, 0.375, 1.625, -0.125, 0.0, -0.125, 0.25, 0.0, 0.0, 0.0, 0.0, 0.375, 0.5, 0.0, 0.0, 0.0, 0.125, 1.375, 0.0, -0.875, 0.0, -0.625, 0.75, 0.0, -0.375, 0.625, 0.0, 1.0, 1.25, 0.625, 0.75, 0.0, 0.0, 0.0, 0.0, 0.0, -0.125, 0.75, 0.0, 0.75, 0.375, -0.25, 0.375, 0.0, 0.75, 0.0, 0.0, 0.375, 0.25, 0.0, 0.0, 0.0, 0.0, 0.0, 0.25, 0.125]","[0.7184, 0.8553, 0.0, -0.3421, 0.5719, 0.1531, 0.7717, 0.6996, 0.0, 0.0, -0.5574, 0.6841, 0.68, -0.5256, 0.0, 0.0, 0.8548, -0.4874, 0.0, 0.0, 0.0, 0.4404, 0.0, 0.0, 0.4215, 0.8591, 0.0, 0.5719, 0.5391, 0.0, 0.6124, 0.5145, 0.0, 0.4019, 0.0, 0.0772, -0.296, 0.6478, 0.0, 0.6249, -0.0258, 0.8553, 0.7269, 0.5106, -0.6844, 0.0, 0.8553, 0.5719, 0.8553, 0.0, 0.0, 0.0, 0.516, 0.0, 0.4939, -0.1045, 0.5696, 0.8553, 0.0, 0.0, 0.0, 0.6474, 0.0, -0.1779, 0.34, 0.0, -0.3241, 0.743, 0.6696, 0.1901, 0.0, 0.4939, 0.8964, 0.0, 0.0, 0.296, 0.0, 0.0, 0.0, 0.4404, 0.0, 0.0, 0.1027, 0.6408, 0.0, 0.5743, 0.296, -0.34, 0.3415, 0.4215, 0.6369, -0.6486, 0.4678, 0.0, 0.5106, -0.1779, 0.0, 0.9312, 0.296, -0.3164, 0.0, 0.0, 0.8718, 0.0, 0.0, 0.0, 0.0, 0.5994, 0.8779, 0.6858, 0.8402, 0.658, -0.5719, 0.0, 0.0, -0.5994, 0.0, 0.0, 0.8625, 0.0, 0.0, 0.34, 0.0, -0.3832, 0.0, 0.4753, 0.0, -0.7184, 0.6908, 0.5628, 0.34, 0.4404, 0.0, 0.2944, 0.0, -0.2183, 0.6369, 0.0, 0.9258, 0.5242, -0.1111, 0.0, 0.0, 0.6369, 0.0, 0.6908, 0.296, 0.0, 0.0, 0.0, 0.6908, 0.0, -0.1511, 0.0, 0.1604, 0.4019, 0.7574, 0.0, 0.0, 0.7906, 0.7496, 0.0]",162,0.19290123456790123,0.2252154320987655
40,2018-10-11,"[0.0, 0.0, 0.0, 0.75, 1.0, 0.0, -0.125, 0.25, 0.375, 0.0, -0.125, 0.0, -0.125, -0.25, 0.0, -0.875, 0.0, 0.0, 1.625, 0.0, 0.0, 0.0, 0.375, 0.0, 0.0, -0.75, 0.75, -0.75, 0.75, 0.0, 0.0, 0.125, 0.0, 0.0, 0.0, 0.0, 0.875, 0.0, 0.75, -0.25, 0.0, 0.25, -0.375, 0.75, 0.0, 0.0, 0.375, 0.0, 0.375, 0.625, 0.375, -0.125, -0.5, -0.25, 0.0, 0.0, 0.625, -0.25, 0.0, 0.125, 0.0, 0.25, 0.25, 0.0, 0.125, -0.625, 0.0, 1.5, 0.0, 0.25, 0.0, 0.0, 0.0, 0.0, 0.0, 0.125, 0.125, 0.0, -0.25, 0.0, 0.0, -0.125, 0.0, -0.125, 0.0, 0.0, 0.375, 0.625, 0.0, 0.25, 0.75, 0.125, 0.0, 0.0, 0.0, -0.75, 0.25, -0.125, 0.875, 1.5, 0.0, 0.0, 0.25, 0.0, 0.375, 0.0, -0.25, -0.5, 0.375, -0.43100000000000005, 0.0, 0.0, -0.25, 0.0, -0.5, 0.0, 0.0, -0.125, 0.0, 0.125, 0.0, 0.0, 0.0, 0.0, 0.0, -0.25, 0.25, -0.125, 1.25]","[0.5719, -0.4404, -0.4069, 0.9492, 0.9126, 0.34, 0.0, 0.4724, 0.0, 0.0, 0.0, 0.0, 0.4003, 0.0, 0.5106, -0.743, 0.0, 0.0, 0.8483, 0.0, 0.2023, 0.2023, 0.0, 0.0, 0.0, -0.4939, 0.7865, 0.0857, -0.5661, 0.0, 0.0, 0.0, 0.0, 0.8979, 0.25, 0.0, 0.4404, 0.3612, 0.6908, 0.34, 0.0, 0.1779, 0.5574, 0.6369, 0.0, 0.0, 0.296, 0.0, 0.0, 0.0, 0.7845, -0.3421, 0.2263, -0.7717, 0.0, -0.5267, 0.6597, 0.3612, 0.0, -0.6369, 0.2789, 0.5859, 0.0, -0.34, 0.0, 0.0, 0.0, 0.8918, 0.0, 0.0, 0.2732, 0.0, 0.0, 0.34, 0.0, -0.34, -0.1779, 0.25, 0.6124, 0.0, 0.0, 0.4939, 0.0, 0.0258, 0.0, 0.0, 0.0, 0.3182, 0.0, 0.8553, 0.6369, -0.5859, 0.0, 0.4215, 0.6717, -0.4939, 0.7429, 0.128, 0.6369, 0.6808, -0.34, -0.5574, 0.0, 0.0, 0.4215, 0.0, 0.2714, 0.296, 0.2382, 0.0, 0.0, 0.0, 0.368, 0.4003, -0.2732, 0.0, 0.0, 0.0, 0.4215, 0.4466, 0.0, 0.0258, 0.0, 0.0, 0.5106, 0.4404, 0.0, 0.0, 0.7178]",129,0.0925891472868217,0.1420813953488373
41,2018-10-12,"[0.125, 0.75, 0.0, 0.0, 0.0, -0.125, 0.625, 0.0, 0.875, 0.0, 0.5, 0.125, 0.75, 0.0, -1.0, 0.0, 0.0, 0.0, 0.625, 0.375, 0.75, 0.375, 0.0, 1.5, 0.0, -0.625, 0.75, 0.0, 0.0, 0.0, 0.0, 0.0, 0.0, 0.375, 0.5, -0.625, 0.0, 0.0, 0.0, 0.0, 0.0, 0.375, 0.375, -0.625, 0.0, 0.0, 0.125, 0.0, -0.25, 0.0, 0.0, 0.75, 0.375, -0.5, 0.125, 0.125, -0.25, 0.0, 0.25, 0.125, -0.125, -0.625, 0.375, -0.125, 0.25, 0.0, 0.0, 0.375, 0.75, 0.0, -0.25, 0.25, 0.0, -0.125, 0.0, 0.75, 0.125, 0.0, 0.125, -0.125, 0.125, 1.125, -0.375, 0.25, -0.125, 0.0, -0.25, 0.375, 0.0, 0.75, 0.25, 0.0, 0.0, 0.0, 0.0, 0.875, 0.0, 0.0, -0.375, 0.0, 0.0, -0.875, 0.75, 0.375, 0.0, 0.0, 0.0, 0.125, 0.125, -0.25, 0.125, 0.75, -0.375, -0.25]","[0.2023, 0.6124, 0.34, 0.0, 0.0, 0.2023, 0.0, 0.4588, 0.5256, 0.0, 0.0, 0.5972, 0.7845, 0.0, -0.5717, -0.4321, 0.4404, 0.0, 0.3612, 0.8402, 0.7345, 0.0, 0.0, 0.3818, 0.4215, 0.6221, 0.8354, 0.0, -0.4724, 0.4003, 0.4003, 0.0, 0.0, 0.6166, 0.5707, -0.3182, 0.0, 0.658, 0.0, 0.4824, 0.4215, 0.6514, 0.2716, -0.5542, 0.0, 0.0, 0.0, 0.34, 0.0, -0.555, 0.0, 0.6369, 0.8016, -0.1297, -0.2263, -0.3164, 0.2714, 0.0, 0.0, 0.4466, 0.0, 0.0, 0.0, 0.3182, 0.4215, 0.0, 0.0, 0.0, 0.8074, 0.0, -0.4019, 0.0, 0.0, 0.6369, 0.4215, 0.7269, 0.7759, 0.3612, 0.0, 0.0, 0.0, -0.6908, 0.0, 0.6486, 0.0, 0.0, 0.0, -0.0772, 0.6598, 0.0772, 0.8553, 0.0, 0.0772, 0.4215, 0.0772, 0.0, 0.6124, 0.0, 0.6249, 0.0, 0.5106, -0.1779, 0.4926, 0.2023, 0.0, 0.6458, 0.1027, 0.4215, 0.1779, -0.0258, -0.128, 0.6249, 0.5093, 0.0]",114,0.10855263157894737,0.19704473684210533
42,2018-10-13,"[-0.375, 0.125, 0.0, 0.125, 0.5, 0.0, 0.25, 0.375, 0.0, 0.0, 0.125, 0.0, 0.0, 0.75, -0.25, -0.25, 0.125, 0.0, 0.0, 0.0, 0.5, -0.125, 0.125, -0.375, 0.0, 0.75, 0.375, 0.0, 0.375, -0.25, -0.5, 0.0, 0.0, 0.0, 0.0, 0.375, -0.5, 0.0, 1.25, 0.0, 0.125, 0.0, 0.0, -0.375, 0.25, 0.0, 1.0, 0.0, 0.0, 0.75, 0.0, 0.375, -0.25, 0.0, 1.625, -0.125, 0.125, -0.375, 0.25, 0.0, -0.25, 0.0, 0.0, 0.125, 0.0, 0.0, 0.0, 0.0, 0.125, 0.0, 0.375, 1.375, 0.0, 0.0, -0.375, 0.0, 0.0, 0.25, 0.0, -0.125, 0.0, 0.75, 0.0, -0.25, -0.125, 1.0, 0.0, -0.375, -0.375, -0.25, 0.0, 0.0, -0.375, 0.0, 0.125, 0.0, 0.0, 0.0, 0.375, 0.125, -0.25, -0.25, -0.25, 0.0, 0.125, -0.875, 0.0, 0.125, 0.0, 0.5, 0.0, 0.25, 0.0, -0.25, 0.625, 0.625]","[-0.0258, 0.0, 0.0, 0.5067, -0.7096, 0.0, 0.5023, 0.0, 0.0, 0.0, -0.128, 0.7328, 0.3182, 0.0, 0.34, 0.7096, 0.5622, 0.658, 0.0, 0.0, 0.2023, 0.3182, 0.0, 0.0, 0.34, 0.6808, -0.7174, -0.4902, 0.5574, -0.7184, 0.0, 0.0, 0.0, 0.0, 0.6597, 0.802, 0.5067, 0.0, -0.2023, 0.0, 0.0772, 0.0, 0.0, 0.519, 0.8553, 0.0, 0.5413, 0.0, 0.0, 0.5106, 0.3818, 0.5859, 0.8713, 0.0, 0.6696, 0.1779, -0.128, 0.5994, 0.7906, 0.4215, 0.2714, 0.0, 0.5719, 0.0, 0.1531, -0.6908, 0.0, 0.0, -0.128, 0.0, 0.0, 0.0, 0.0, 0.2263, -0.34, 0.4753, 0.4215, 0.4215, 0.0, -0.5267, 0.6369, 0.0, 0.0, 0.0, 0.0, 0.6597, 0.0, 0.0, -0.4404, 0.0, 0.0, 0.0, 0.0, 0.0, -0.7906, 0.5093, 0.0, 0.0, 0.4003, 0.0, 0.5719, 0.34, 0.34, 0.0, 0.8859, 0.4767, 0.7712, -0.0387, 0.7717, -0.0516, 0.0, 0.7163, 0.0, -0.9047, 0.8832, 0.0]",116,0.08081896551724138,0.16268275862068968
43,2018-10-14,"[0.0, 0.0, -1.0, 0.0, 0.0, 0.375, 0.0, -0.375, 0.5, -0.375, 0.0, 0.25, 0.25, 0.5, 0.125, 0.0, 0.5, 0.0, 0.0, 1.125, 0.0, 0.0, 0.375, 0.125, 0.0, 0.0, 0.375, 0.0, 0.0, -0.125, -0.5, 1.0, 0.0, 0.25, -0.375, 0.0, -0.25, 0.0, 0.0, 0.125, 0.0, 0.0, 0.0, 0.0, 0.0, 0.875, 0.0, 0.0, 0.0, 0.25, 0.0, -0.375, 0.125, 0.0, 0.0, 0.0, 0.0, 0.0, 0.0, 0.75, 0.75, 1.0, 1.125, 0.125, -0.25, -0.375, -0.125, -0.5, 1.25, 0.875, 0.0, 0.0, 0.0, 0.0, -0.125, 0.375, 0.0, 0.0, 0.5, -0.375, 0.75, 0.0, 0.0, 1.25, 0.0, -0.375, 0.0, 0.0, -0.25, -0.5, 0.0, 0.0, -0.625, 0.0, 0.125, 0.0, 0.75, -0.125, 0.25, -0.25, 0.125, 0.625, 0.0, 0.125, 0.875, 0.0, -0.125, 1.25, 0.875, -0.125, 0.0, 0.125, 0.0, 0.0, 0.0, 0.0, 0.125, -0.25]","[0.0, 0.0, -0.5242, 0.0, -0.6124, 0.296, 0.0387, 0.4404, 0.2263, 0.0, 0.0, -0.2728, 0.0, 0.5423, 0.6486, 0.0, 0.7824, 0.0, 0.0, -0.7198, -0.6908, 0.0, 0.0, 0.7783, 0.6808, 0.2023, -0.3612, 0.4215, 0.4019, 0.0, 0.1111, 0.4404, -0.296, -0.5598, 0.0, -0.1027, 0.34, 0.0, 0.0, -0.34, -0.5719, 0.0, 0.0, 0.0, 0.0, 0.9325, -0.0258, 0.0, 0.2382, 0.4404, 0.0, -0.8074, 0.6369, 0.0, 0.0, 0.0, 0.0, 0.0, 0.0, 0.7088, 0.7088, 0.9229, 0.8392, 0.0, 0.0, 0.4767, 0.2023, 0.34, 0.8689, 0.4404, 0.3147, 0.0, 0.5684, 0.2914, 0.0772, 0.3365, 0.5267, 0.2962, 0.0, 0.5837, 0.6369, 0.0, 0.5307, 0.3578, 0.0, 0.0, 0.0, 0.0, 0.2263, 0.0772, 0.4215, -0.1531, 0.2023, 0.4215, 0.0, 0.0, 0.5994, 0.7564, 0.8553, 0.7177, 0.0, 0.0, 0.0, -0.4939, 0.8225, 0.0, 0.5622, 0.8555, 0.0, 0.6486, 0.4926, 0.5859, -0.3818, 0.0, 0.0, 0.0, 0.0, 0.5994]",118,0.11334745762711865,0.17421949152542374
44,2018-10-15,"[0.25, 0.125, -0.75, -0.375, 0.0, 0.0, 0.25, 0.875, 0.0, 0.0, 0.0, 0.125, -0.125, 0.125, 0.0, 0.5, -0.25, 0.375, 0.0, 0.0, 0.0, -0.125, 0.75, 0.0, 0.0, -0.375, 0.0, -0.875, 0.0, 0.125, 0.5, 0.25, 0.0, -0.375, 0.0, 0.125, 0.0, -0.25, 0.0, 0.0, 0.125, 0.0, 0.0, 0.0, -0.75, 0.0, -1.125, 0.0, -0.375, 0.0, 0.125, 0.125, 0.0, 0.125, 1.0, -1.5, 0.0, 0.0, -1.75, 2.375, 0.0, 0.5, 0.125, 0.125, 0.75, 0.625, 0.0, 0.75, -0.125, 0.375, 0.0, 0.125, -0.25, 0.0, 0.125, 0.0, -0.25, 0.0, 0.75, 0.0, 0.0, 0.0, -0.125, -0.625, 0.0, 0.0, 0.125, 0.0, 0.125, -0.25, 0.125, -0.5, 0.0, -0.375, 0.0, 0.0, 0.0, 0.625, 0.875]","[0.4588, 0.0, -0.763, -0.5994, -0.6841, 0.0, 0.8553, 0.4404, 0.0, 0.0, 0.0, 0.0, 0.0, 0.8143, 0.0, 0.0, 0.4588, 0.5574, 0.0, 0.0, 0.0, 0.0, 0.4404, 0.5719, 0.7378, 0.0, 0.0, -0.4751, 0.4753, 0.0, 0.3182, 0.0, -0.7627, -0.9153, 0.0, 0.0, 0.0, 0.5411, -0.5106, 0.0, 0.4374, 0.4215, 0.0, -0.4389, -0.6486, 0.3612, 0.2323, 0.0, 0.4019, -0.6908, -0.6705, 0.4389, 0.0, 0.2714, -0.3182, -0.8315, 0.1739, -0.296, -0.8315, 0.9287, -0.296, 0.5859, -0.6884, 0.0, 0.5106, 0.0, 0.0, 0.8074, 0.4019, -0.2732, 0.0, 0.4404, 0.0, 0.5719, 0.0, 0.4215, 0.2263, 0.4215, 0.7891, 0.3595, 0.0, 0.0, -0.296, 0.8126, 0.0, 0.0, 0.5927, 0.7644, 0.0, -0.2942, -0.3506, 0.3612, 0.8622, 0.0, 0.0772, -0.3612, 0.3802, 0.6369, 0.4753]",99,0.02904040404040404,0.08929090909090909
45,2018-10-16,"[-0.25, 0.375, 0.125, 0.125, -0.25, 0.875, 0.125, 0.0, 0.0, 0.0, 0.0, -0.25, 0.0, 0.375, 0.0, 0.5, 0.0, -0.25, 0.125, 0.125, 0.0, 0.125, 0.0, 0.125, -0.7720000000000001, 0.0, 0.0, 0.125, 0.0, -0.125, 0.125, 0.875, 1.25, 0.0, -0.125, 0.5, 0.0, 0.375, 0.5, 0.0, 0.0, 0.625, 0.0, 0.25, 0.0, 0.0, 1.0, 0.375, 0.0, 0.0, 0.0, 0.25, 0.0, -0.375, 0.75, 0.0, 0.5, -0.375, 0.0, 0.5, 0.0, 0.125, 0.0, 0.0, 0.0, 0.0, 0.375, 0.25, 0.0, -0.875, 0.0, 0.125, 0.25, 0.0, -0.125, 0.0, -1.375, -1.625, 0.125, -0.5, 0.0, 0.0, -0.375, 0.0, 0.0, 0.625, 0.0, 0.125, 0.0, -0.625, 0.625, -0.25, 0.0, 0.0, 0.125, 0.0, 0.0, 0.0, 0.125, 0.0, 0.0, 0.0]","[0.34, 0.3744, 0.0, 0.5267, -0.4374, 0.6588, 0.0772, 0.34, 0.0, 0.0, 0.0, 0.0, 0.0, -0.4449, 0.0, 0.7906, -0.3818, 0.0, 0.7506, 0.0, 0.6239, 0.0, 0.0, 0.7351, -0.2682, 0.0, 0.0, 0.0, 0.2023, -0.0258, 0.4404, 0.0, 0.2023, 0.0, 0.6369, 0.8074, 0.0, 0.0, -0.296, -0.296, 0.4767, 0.0, 0.0, -0.5574, 0.0, -0.1027, 0.9117, 0.34, 0.0, 0.4404, 0.5411, 0.0, 0.0, 0.34, 0.5719, -0.4574, 0.0, -0.6908, 0.0, 0.4588, 0.0, 0.875, 0.0, 0.0, 0.0, 0.34, 0.0, 0.3885, 0.5411, 0.4215, 0.0, -0.128, 0.2023, 0.0, 0.0, 0.0, -0.1027, -0.5271, 0.3182, -0.296, 0.0, -0.4003, 0.0, 0.0, 0.0, 0.6369, 0.4404, 0.8609, 0.0, -0.0875, 0.7906, 0.2714, 0.0, 0.4404, 0.8854, -0.2577, 0.4215, 0.34, -0.128, 0.34, 0.34, 0.34]",102,0.052480392156862746,0.146035294117647
46,2018-10-17,"[0.0, -0.375, 0.0, 0.0, 0.0, -0.375, -0.625, 0.0, 0.125, 0.0, 0.25, 0.0, 0.125, 1.0, 0.125, -0.125, 0.125, 0.5, -0.25, 0.0, -0.25, 0.0, 0.375, 0.25, 0.0, 0.5, 0.375, 0.0, 0.0, -0.375, 0.0, 0.0, 0.0, 0.875, 0.375, 0.0, 0.5, 0.375, -0.25, 0.0, 0.0, 0.625, 0.0, 0.0, 0.0, 0.0, -0.625, 0.0, 0.0, -0.25, 0.0, 0.375, 0.125, 0.25, 0.0, 0.125, -0.125, 0.375, 1.375, 0.0, 0.0, 0.0, 0.25, 1.125, 0.75, 0.0, 0.0, 0.125, 0.0, 0.0, -0.25, 0.875, -0.625, 0.75, -0.875, 0.0, 0.125, 0.0, -0.625, -0.875, 0.0, 0.0, 0.0, 0.5, 0.125, -0.125, 0.0, 0.0, 1.375, -1.0, -0.25, -0.125, 0.0, 0.0, 0.0, 0.0, 1.25, 0.875, 0.0, 0.0, -0.375, 0.25, 0.0, 0.125, 0.375, 0.0, -0.125, 0.0, 0.0, -0.25, 0.0, -0.375, 0.0]","[0.5719, 0.128, 0.4588, 0.0, 0.0, 0.1326, -0.6152, -0.8268, 0.1027, 0.0, 0.8718, 0.25, 0.4767, 0.6621, 0.3612, -0.3182, -0.5473, 0.0, 0.34, 0.0, -0.0516, 0.0, 0.8091, -0.3818, 0.7096, 0.4588, 0.2732, -0.5719, 0.2023, -0.5859, 0.0772, 0.6124, 0.34, 0.8782, 0.0, 0.0, 0.4574, 0.6588, 0.0, 0.3089, 0.6369, 0.0, 0.4215, 0.0, 0.0, 0.0, 0.0, 0.0, 0.0, 0.0, 0.7634, 0.4588, 0.0, 0.0, 0.0, 0.5374, 0.0, 0.5562, 0.7089, 0.0, 0.4745, 0.4215, 0.34, -0.3818, 0.765, 0.0, 0.0, 0.8309, 0.0, 0.7574, 0.0, 0.6369, -0.7531, 0.7395, -0.9416, 0.0, 0.9186, 0.0, 0.0772, 0.7126, 0.0, -0.3182, -0.2885, -0.0191, 0.0, 0.7125, -0.2023, 0.0, 0.6115, -0.1531, 0.5106, 0.0, -0.69, -0.3818, 0.4215, 0.0, 0.5574, 0.6249, -0.1007, 0.0, 0.5319, 0.5574, 0.0, 0.4572, 0.0, 0.5106, -0.5423, 0.5994, -0.3818, -0.25, -0.25, -0.2263, 0.6739]",113,0.0752212389380531,0.15830442477876114
47,2018-10-18,"[0.0, -0.5, 0.0, 0.0, 0.75, 0.0, 0.0, 0.0, 0.625, 0.125, 0.125, 0.0, 0.5, 0.125, 0.625, 0.0, 0.0, 0.125, 0.0, 0.0, 0.0, 0.0, 0.0, 0.0, 0.0, 0.0, -0.25, 0.0, 0.0, 0.0, 0.0, 0.0, -0.375, 0.5, 0.75, 0.0, -0.375, 0.0, 0.375, 0.0, 0.0, 0.0, 0.875, 0.0, -0.25, 0.125, 0.375, 0.25, 0.375, -0.375, 0.25, -0.75, 0.0, 0.0, 0.0, 0.0, 0.125, -0.5, 0.0, 0.5, 0.0, 0.0, -0.75, 0.5, 0.0, 0.0, 0.0, 0.25, 0.5, -0.125, 0.0, 0.0, 0.75, 0.0, 0.625, 0.5, 0.125, 0.5, 0.0, 0.25, 0.0, 0.0, 0.75, 0.125, 0.0, 0.375, 0.125, 0.0, -0.125, 0.0, 0.0]","[-0.6983, 0.0, -0.5423, 0.4939, 0.0, 0.3164, 0.0, 0.4767, 0.7063, -0.1027, 0.8306, 0.5859, 0.6166, 0.2244, 0.4404, 0.0, 0.0, 0.4767, 0.0, 0.0, 0.0, 0.5994, -0.7906, 0.8636, 0.6124, 0.5994, 0.5994, 0.0, 0.0, 0.0, 0.4588, 0.7351, 0.2023, -0.0644, 0.7579, 0.0, 0.0, 0.0, 0.0, 0.0, -0.6402, 0.0, 0.836, 0.0, 0.0, 0.0, 0.7125, 0.0, 0.0, 0.0, 0.4939, -0.0413, 0.0, 0.0, 0.0, 0.0, 0.8074, 0.5984, 0.0, 0.0, 0.0, -0.25, -0.3034, 0.2023, 0.3947, 0.4404, 0.3612, 0.4019, 0.8481, 0.0, 0.0, 0.6239, 0.6361, 0.6239, 0.8355, 0.6124, 0.0, 0.8313, 0.4767, 0.0, 0.0, 0.0, 0.8525, 0.4215, -0.5574, 0.0, 0.5378, -0.2263, 0.0, 0.0, 0.0]",91,0.09340659340659341,0.2079967032967033
48,2018-10-19,"[0.0, -0.25, -0.125, 0.0, -0.5, 0.125, 0.625, 0.375, 0.0, 0.875, 0.5, 0.875, -0.75, 0.375, 0.0, 0.875, 0.125, 0.5, 0.375, 0.25, 0.0, 0.0, 0.0, 0.0, 0.875, -1.25, 0.0, 0.0, 0.25, 0.0, 0.0, 0.0, 0.0, 0.0, 0.0, 0.25, 0.375, 0.375, 0.0, 0.125, -0.5, 0.125, 0.0, 0.0, 0.0, 0.375, 0.125, 0.0, 0.125, 0.375, -0.75, 0.375, -0.125, 0.0, 0.0, 1.0, 0.0, 0.0, 0.0, 0.625, 0.0, 0.375, 0.0, 0.0, -0.5, 0.0, 0.0, -0.875, 0.375, 0.0, 0.375, 0.125, 0.625, 0.0, -0.5, 0.0, 0.75, 0.125, -0.125, 0.75, -0.875, -0.125, -0.5, 0.875, 0.0, 0.0]","[0.0, 0.0, 0.0, 0.4995, 0.0, 0.5106, -0.7482, 0.8807, 0.0, 0.5326, 0.0, 0.5326, 0.4215, 0.0, 0.0, 0.4215, 0.3182, -0.1027, 0.5562, 0.7321, 0.0, 0.8261, 0.0, 0.0, 0.0, -0.6599, 0.34, 0.0, 0.34, 0.0, 0.0, 0.0, 0.3597, -0.1007, 0.0, 0.0, 0.0, 0.0, 0.2023, 0.6369, 0.0, 0.7579, 0.7845, 0.0, 0.0, 0.5484, -0.128, 0.2023, 0.1779, 0.5423, -0.6486, 0.0, -0.126, 0.0, 0.1655, 0.3595, -0.9744, 0.4588, -0.3723, 0.2023, 0.0, 0.5622, 0.6696, 0.0, 0.7269, 0.4404, 0.0, -0.8313, 0.0, 0.0, 0.1139, 0.5267, 0.2263, 0.0, 0.4215, 0.0, 0.6124, 0.0, -0.1779, 0.7717, 0.0, 0.5411, -0.0644, 0.5994, -0.3182, 0.0]",86,0.09156976744186046,0.15429534883720933
49,2018-10-20,"[0.75, 0.0, 0.25, 0.0, 0.75, 0.25, 0.0, 0.125, 0.0, 0.0, 0.0, 0.0, 0.5, -0.125, 0.0, 0.0, 0.0, 0.0, -0.625, 0.0, 0.0, -0.125, -0.25, 0.0, 0.0, 0.25, 0.0, -0.125, 0.0, 0.0, 0.25, -0.625, 0.0, -0.375, 0.0, 0.0, 0.0, 0.0, -0.125, -0.375, 0.0, 0.625, 0.0, 0.75, 0.0, 0.0, 0.5, -0.125, 0.0, 0.375, 0.75, 0.0, 0.0, 0.125, 0.0, 0.0, 0.0, 0.0, 0.0, 0.0, 0.0, 0.0, 0.0, -0.125, 0.0, 0.0, 0.0, 0.0, 0.0, 0.75, 0.5, 0.625, 0.0, 0.0, 0.0, 0.0, 0.0, 0.0, 0.375, 0.375, 0.125, -0.25, 0.0, -0.125, 0.0, 0.5, -0.875, 0.0, 0.375, 0.0, 0.375, -0.125, 0.0, 0.5, 0.625, 0.0]","[0.6124, 0.0, 0.3182, 0.7717, 0.5848, -0.5859, 0.3612, 0.0, 0.0, 0.0, 0.0, 0.0, 0.5707, -0.2714, -0.34, 0.4199, 0.0, 0.4559, 0.6175, 0.0, 0.0, -0.296, 0.3917, 0.0, 0.0, 0.0, -0.4588, 0.0, -0.5267, 0.3612, 0.4215, 0.0, 0.75, 0.0, -0.5267, 0.0, 0.0, 0.0, 0.0, -0.296, 0.4215, 0.7574, 0.0, 0.875, 0.0, 0.4508, 0.0, -0.3818, 0.4215, 0.0, 0.4404, 0.4215, 0.3595, 0.7351, 0.4215, 0.0, -0.0258, 0.0, 0.0, 0.0, 0.0, 0.0, 0.0, -0.0644, 0.0, 0.0, 0.0, 0.0, 0.0, 0.7712, 0.4404, 0.7249, -0.3818, 0.4019, 0.0, 0.0, 0.0, 0.0922, 0.6597, 0.4215, 0.7096, 0.0, 0.0, -0.0516, 0.0, 0.743, -0.4926, 0.0, 0.0, 0.0, 0.0, 0.0, -0.8541, -0.4577, 0.0, 0.0]",96,0.07291666666666667,0.11347916666666669
50,2018-10-21,"[0.375, 1.0, -0.25, -0.25, 0.0, 0.125, 0.0, 0.25, 0.0, 0.25, 0.0, 0.0, 0.0, 0.0, 0.0, 0.0, -0.25, 0.0, 0.375, 0.75, 1.375, 0.5, 0.0, 0.875, -0.125, 0.0, -0.125, 0.0, 0.0, 0.0, 0.0, 0.0, 0.0, 0.375, 0.125, 0.25, -0.25, -0.25, 0.625, 0.0, 0.625, -0.5, 0.0, 0.0, -0.75, 0.0, 0.25, 0.0, 0.125, -1.75, 0.0, 0.0, 0.75, 0.0, -0.5, 0.0, 0.0, 0.0, 0.875, -0.125, 0.5, 0.25, 0.75, 0.75, 1.0, 0.75, 0.0]","[0.0, 0.51, -0.3244, 0.6249, 0.5719, -0.7644, 0.4939, 0.7707, 0.5684, 0.0, 0.9052, 0.0, 0.0, 0.0, 0.0, 0.0, 0.34, 0.0, 0.9468, 0.0, 0.8934, -0.8074, 0.0, 0.9216, -0.3612, 0.0, 0.0, 0.4782, 0.0, 0.0, 0.6588, 0.0, 0.0, 0.0, 0.0, -0.7184, 0.2714, 0.0, 0.6369, 0.0, 0.0, -0.6289, 0.0, -0.5106, -0.1027, 0.0, 0.25, 0.0, 0.4404, -0.765, -0.4404, -0.4199, 0.6588, 0.0, 0.4588, 0.0, 0.0, 0.5256, 0.4939, 0.2023, 0.4215, 0.0, 0.5918, 0.5994, 0.0, 0.3818, 0.0]",67,0.13059701492537312,0.1309417910447761
51,2018-10-22,"[0.0, 0.0, -0.375, 0.0, -0.375, -0.125, 0.125, -0.125, 0.0, 0.75, 0.0, 0.0, 0.125, 0.0, 0.125, -0.25, 1.625, 0.0, 0.0, 0.125, 0.0, 0.0, -0.75, 0.0, 0.0, 0.0, 0.0, 0.0, 0.0, 1.125, -1.25, -0.125, -0.375, 0.875, 0.125, 0.0, -0.375, 0.0, 0.0, 0.25, 0.875, 0.0, 0.875, 0.0, -0.375, -0.25, 0.375, -0.75, 0.25, 0.0, -0.5, 0.125, 0.25, -0.125, 0.0, -0.125, 0.0, 0.375, 0.125, 0.0, 0.375, -0.25, -0.125, -0.25, 0.0, 0.0, -0.75, 0.0, 0.0, 1.375, -0.875, 0.375, -0.75, 0.0, 1.625, -0.125, -0.625, 0.0, -0.375, 0.375, -1.5, -0.125, 0.0, 0.125, -1.25]","[0.4574, 0.0, -0.4939, 0.0, -0.5423, 0.2263, 0.3612, -0.4215, 0.0, 0.4404, 0.0, 0.0, 0.2144, 0.0, 0.0, 0.5572, 0.902, 0.0, 0.0, 0.3612, -0.6037, 0.0, 0.5267, 0.0, 0.0, 0.0, -0.3818, 0.4939, 0.0, 0.7263, -0.7351, -0.1027, 0.0, 0.6908, 0.0, 0.4215, 0.0, 0.0, 0.0, 0.0, 0.9335, 0.0, 0.5106, 0.0, 0.2885, 0.0, 0.0, 0.0, -0.4404, 0.0, -0.7644, 0.4466, -0.4019, 0.0, 0.0, 0.0, 0.0, 0.3164, 0.0, 0.0, 0.0, -0.4404, 0.0, 0.4738, 0.0, 0.0, 0.0772, 0.0, 0.0, -0.0772, -0.6486, 0.5719, 0.4404, 0.0, 0.8271, 0.7845, -0.34, 0.0, 0.1531, 0.5256, -0.8779, 0.4023, 0.34, 0.0, -0.6476]",85,-0.0058823529411764705,0.06531058823529413
52,2018-10-23,"[-0.625, -0.75, 0.375, 0.0, 0.0, 0.0, 0.75, 0.0, 0.0, 0.0, 0.0, 0.5, 0.75, 0.0, 0.0, 0.25, 0.0, 1.375, -0.5, 0.0, 0.0, 0.0, 0.0, 0.125, 0.0, 0.0, 0.0, 0.0, -0.625, 1.0, 0.0, -0.75, -0.25, -0.25, 0.0, 0.0, 0.125, 0.25, 0.125, -1.0, -0.375, 0.25, 0.25, 0.0, 0.375, 0.125, 0.0, 0.125, 0.375, 1.0, 0.625, 0.125, 0.75, -0.125, 0.125, 0.0, 0.0, -0.125, 0.375, -0.125, 0.0, 0.375, 1.25, 0.375, 0.0, 0.0, 0.0, -0.5, 0.0, 0.125, 0.0, 1.125, 0.0, 0.0, 0.0, 0.0, 0.5, 0.0]","[0.1306, -0.6486, 0.0, 0.1139, 0.0, 0.0, 0.5859, 0.7345, 0.0, 0.0, 0.0, 0.4019, 0.6908, -0.5461, 0.0, 0.2023, 0.0, -0.785, 0.0, 0.0, 0.0, 0.6705, 0.0, 0.0, 0.2244, 0.25, 0.0, 0.0, 0.0516, 0.6114, 0.0, 0.0, 0.0, 0.3612, 0.0, 0.5162, 0.5106, 0.5267, 0.0, -0.2617, 0.0, 0.0, 0.0, 0.4215, 0.3182, 0.6884, 0.0, 0.0, 0.0, 0.743, 0.6114, 0.0, 0.6369, 0.0, 0.0, 0.0, 0.4019, 0.0, 0.0, 0.0, 0.0, 0.5267, 0.7717, 0.6705, 0.8555, 0.8555, 0.0, 0.0, 0.0, 0.2263, 0.0, 0.7345, 0.0, 0.0, 0.0, -0.4767, 0.3384, 0.0]",78,0.10096153846153846,0.16236923076923077
53,2018-10-24,"[-0.25, 0.0, 1.25, 0.125, 0.375, 0.125, 0.0, 0.0, 0.375, -0.375, 0.0, 0.5, 0.75, 0.5, -0.25, 2.125, 0.0, 0.375, 0.0, 0.0, -0.25, 0.0, 0.0, 0.0, 0.0, 0.0, -0.25, 0.125, 0.25, 0.375, -0.125, -0.25, -0.125, -0.25, 0.75, 0.0, 1.0, -0.25, 0.0, 0.0, 0.875, -0.25, 1.125, 0.0, 0.0, -0.375, 0.125, 0.0, 1.25, -0.125, 0.125, 0.375, 0.0, -0.375, 0.25, 0.375, 0.0, 0.75, 0.0, 0.0, 0.0, 0.0, 0.0, 0.0, 0.375, 0.75, -0.875]","[0.0, 0.1511, 0.3818, 0.6588, 0.0, 0.0, 0.0, 0.0, 0.5954, 0.5423, 0.6046, 0.8442, -0.2144, 0.4404, 0.0, 0.9087, 0.3612, 0.0, 0.5859, 0.0, -0.5574, -0.2263, 0.0, 0.0, 0.0, 0.0, -0.5719, 0.4926, 0.6597, 0.7269, -0.8434, 0.2144, -0.128, 0.8057, 0.6467, 0.0, 0.8225, 0.0, 0.0, -0.296, 0.2528, 0.0, 0.0, 0.4753, -0.0516, -0.4724, 0.2801, -0.4019, 0.7003, 0.5945, -0.7803, 0.0, 0.0, 0.4215, 0.2263, 0.0, 0.0, 0.34, 0.0, 0.0, 0.6249, -0.836, 0.0, 0.0, 0.0, 0.4019, -0.4926]",67,0.16417910447761194,0.1326611940298507
54,2018-10-25,"[0.0, 0.0, 0.875, 0.0, -0.25, -0.375, 0.25, 0.0, 0.0, 0.0, 0.625, -0.125, 0.0, -0.125, 1.0, 0.0, 0.0, 0.25, 0.0, 0.375, 0.0, 0.0, 0.0, 0.75, 0.0, 0.0, 0.25, 0.0, 0.0, 0.0, 0.0, 0.0, -0.25, -0.375, 0.0, 0.5, -0.25, 0.125, 0.0, 0.0, 0.0, 0.0, 1.25, 0.0, 0.0, 0.5, -0.625, -0.25, 0.125, 0.0, 0.75, -0.375, 0.0, 0.0, 0.375, 0.0, 0.5, 0.0, 0.0, 0.0, 0.25, 0.0, 0.5, 0.25, -0.25, 0.0, -0.375, 0.0, 0.625, 0.125, -0.5, -0.125, 0.75, 0.0, 0.125, 0.0, 0.0, 0.0, 0.0, 0.5, 0.375]","[0.296, 0.5267, 0.8904, 0.0, -0.25, 0.1779, 0.5106, 0.128, 0.0, 0.0, 0.9102, -0.1779, 0.4215, 0.0, 0.5994, 0.7089, 0.0, 0.5707, 0.0, 0.0, 0.128, 0.7424, 0.0, 0.4588, 0.8934, 0.0, 0.0, 0.4199, 0.0, 0.4278, 0.0, 0.7284, 0.0, -0.3818, 0.0, 0.4019, 0.296, 0.4199, 0.0, 0.0, 0.0, 0.0, 0.1531, -0.5719, 0.7896, 0.5106, -0.5255, 0.0, 0.0, 0.0, 0.5994, 0.4019, 0.0, -0.5994, 0.7269, 0.0, 0.0, 0.0, 0.0, 0.0, 0.0, 0.0, 0.0, 0.2732, 0.0, 0.0, -0.8126, 0.2023, 0.4019, 0.7359, 0.6249, 0.0, 0.34, 0.0, 0.0, 0.0258, 0.0, 0.0, 0.1531, 0.7003, 0.4019]",81,0.09567901234567901,0.17751234567901236
55,2018-10-26,"[0.0, 0.0, 0.5, 0.0, 0.125, 1.25, 0.25, -0.25, -0.25, 0.0, 0.0, 0.5, -0.125, 0.5, 1.125, 0.0, 0.375, -0.875, 0.0, 0.125, 0.125, 0.0, 0.0, 0.0, -0.75, 0.0, 0.0, -0.25, 0.0, 0.0, 0.0, -0.625, 0.375, 0.0, -0.125, 0.25, 0.75, 0.0, 1.375, 0.0, 0.0, 0.0, 0.5, -0.375, 0.875, 1.5, 0.125, -0.125, 0.5, 0.25, 0.0, -0.25, 0.0, 0.0, -0.5, -0.375, 0.0, 0.25, 0.75, 0.0, 1.375, -1.0, 0.0, 0.75, 0.0, 0.0, 0.0, 1.75, -0.75, 0.0, 0.0, 0.75]","[0.4939, 0.0, 0.2023, -0.4215, 0.3818, 0.6486, 0.5574, 0.0, 0.0, 0.0, 0.0, -0.2755, 0.5267, 0.0, 0.8306, 0.0, -0.3818, -0.6705, 0.0, 0.0258, 0.6249, 0.0, -0.4215, 0.0, 0.0, -0.3818, 0.6486, 0.0, 0.0, 0.5093, 0.0, 0.0, 0.7215, 0.0, 0.0, 0.5859, 0.2263, 0.0, 0.5657, 0.0, -0.1779, 0.0, 0.6289, -0.5423, 0.0, 0.5244, 0.5106, -0.5859, 0.0, 0.8585, 0.34, 0.0, 0.0, -0.4767, 0.5994, 0.481, 0.4215, 0.8922, 0.5574, 0.0, 0.7125, -0.5423, 0.9269, 0.5267, 0.0, 0.0, 0.0, 0.938, -0.1531, -0.3818, 0.368, 0.9347]",72,0.1440972222222222,0.17163055555555556
56,2018-10-27,"[-0.125, 0.0, 0.375, 0.875, 0.0, -0.375, 0.0, 0.0, -0.25, -0.125, 0.0, 0.0, 0.875, 0.75, 0.75, 0.75, 0.0, -0.75, 0.0, -0.5, 0.0, 0.0, -0.125, 0.0, -0.625, 0.5, 0.5, 0.0, 0.0, -0.625, 0.0, 0.0, -0.375, -0.25, 0.625, 0.75, -0.25, 0.0, -0.25, 0.0, 0.0, 0.0, -0.125, 0.0, -0.125, 0.375, 0.0, 0.0, 1.5, 0.125, 1.375, 0.0, -0.125, 0.125, 0.125, 0.0, 0.875, 0.125, 1.25, 0.0, 0.0, 0.125, 0.75, 0.0, -1.0, 0.0]","[0.0, 0.0, 0.0, 0.4404, 0.0, 0.0, 0.0, 0.0, -0.1511, 0.347, 0.0, 0.0, 0.7351, 0.5622, 0.4404, 0.8934, 0.0, -0.1007, 0.0, 0.5267, 0.5719, 0.6802, 0.4019, 0.4404, -0.4588, 0.7707, 0.2118, 0.0, 0.0, -0.5563, 0.0, 0.0, 0.0, 0.34, 0.6486, 0.9278, 0.2023, 0.0, 0.0, 0.0, 0.4588, 0.0, 0.3182, 0.128, 0.8805, -0.296, 0.4215, 0.4767, 0.5983, 0.5411, 0.1513, 0.34, 0.2481, -0.1511, 0.1901, 0.4738, 0.2732, 0.0, 0.7959, 0.0, 0.0, 0.4939, 0.1027, 0.6249, -0.6059, 0.0]",66,0.11363636363636363,0.2172409090909091
57,2018-10-28,"[1.0, 0.25, 1.125, -0.625, 0.25, 0.0, 1.0, 0.0, -0.125, 0.0, 0.0, 0.0, 0.0, 0.125, 0.0, 0.0, 0.125, 0.0, 0.25, -0.875, 0.0, 0.0, 0.0, 0.0, 0.375, 0.0, 0.5, 0.125, 0.0, 1.0, 0.0, 0.0, 1.125, 0.125, 0.75, 0.0, 0.0, 0.0, 0.0, 0.5, 0.0, 0.0, -0.625, 0.0, 0.375, 0.0, 0.0, 0.875, -0.875, 0.0, -0.25, -0.5, 0.25, 0.125, 0.0, 0.0, 0.0, 0.25, -0.125, 0.0, 0.0, 0.25, -0.125]","[0.5267, 0.0, -0.4199, -0.6774, 0.7269, 0.2714, 0.0, 0.0, 0.0, 0.1779, 0.0, 0.0, 0.2714, -0.5719, 0.3182, 0.5919, 0.296, 0.5267, 0.0, 0.4939, 0.0, 0.3612, 0.0, 0.0, -0.5859, 0.6249, 0.91, -0.4588, 0.0, 0.5719, 0.0, 0.0, 0.3612, 0.3182, 0.0, 0.0, 0.7707, 0.0, 0.0, 0.0, 0.0, 0.5859, 0.0433, 0.0, 0.0, 0.0, 0.0, 0.7804, -0.6597, 0.2263, 0.6588, -0.3071, 0.8591, 0.7959, 0.0, 0.5267, 0.8402, 0.0, 0.6892, 0.9153, 0.4215, 0.7579, 0.4019]",63,0.10515873015873016,0.20540952380952376
58,2018-10-29,"[0.125, 0.125, 0.0, -0.375, 0.0, 0.0, 0.5, 0.0, 0.0, 0.75, 0.0, -0.75, 0.0, 0.0, 0.125, 0.0, 0.375, 0.0, -1.0, -0.125, -0.5, 0.375, 0.25, 0.0, 0.0, 0.5, 0.125, 0.0, 0.0, 0.0, 0.0, -0.875, 0.0, -0.125, 0.0, 0.0, 0.0, 0.375, 0.75, 0.0, -0.25, 0.0, 0.0, 0.75, 0.125]","[0.6103, 0.1779, 0.8316, -0.6808, 0.0, 0.0, 0.2023, 0.0, -0.2247, 0.8599, 0.0, -0.4404, 0.0, 0.0, 0.5093, 0.4588, 0.5106, 0.7184, -0.8074, 0.4767, -0.4404, 0.3612, 0.1531, 0.34, 0.34, 0.0772, -0.296, 0.0, 0.0, 0.0, 0.4215, -0.594, 0.0, 0.0, -0.3182, 0.0, 0.0, 0.636, 0.0, 0.0258, -0.4588, 0.0, 0.0, 0.7283, 0.5106]",45,0.027777777777777776,0.10419555555555557
59,2018-10-30,"[0.0, -0.25, 0.625, 0.0, 0.0, 0.0, 0.0, -0.5, -0.375, 0.0, 0.375, 1.375, 1.625, 0.0, 0.0, 0.375, -0.125, 0.25, 0.0, 0.125, 0.0, -0.375, -0.125, 0.125, 0.375, -0.125, 0.0, -0.25, 0.0, 0.625, 0.0, 0.0, 0.0, 0.25, 0.125, 0.0, -0.625, 0.0, 0.375, 0.375, -0.125, 0.0, 0.0, -0.25, 0.0, 0.0, -0.75, 0.25, 0.0, 0.0, -0.875, 0.0, 0.0, 0.0, 0.0, 0.375, 0.0, 0.0, 0.0, 0.5]","[0.4019, 0.0, 0.4404, 0.8398, 0.0, 0.0, 0.4753, 0.453, -0.296, 0.2263, 0.0, 0.6369, 0.4754, 0.0, 0.0, 0.6486, 0.0, 0.8316, 0.0, 0.7853, 0.0, 0.6124, 0.8271, 0.0, 0.0, 0.0, 0.3612, 0.5994, 0.0, 0.0, 0.0, 0.0, 0.7412, 0.0, 0.0, 0.0, 0.1779, 0.34, 0.2732, 0.3527, -0.5411, 0.6892, 0.0, 0.0, 0.0, 0.0, -0.2244, 0.0, 0.0, 0.0, 0.4678, 0.0, 0.0, 0.0, 0.0, -0.4404, 0.4215, 0.0, 0.296, 0.4574]",60,0.05625,0.18882666666666661
60,2018-10-31,"[0.0, 0.125, 0.0, 0.0, 0.125, -0.125, 0.0, 0.375, -0.125, 0.0, -0.25, 0.0, 0.75, 0.0, 0.0, 0.0, 1.125, 0.375, 0.375, 0.0, 0.0, 0.0, 0.0, 1.0, 0.875, 0.375, 0.0, 0.0, 0.0, 0.0, 0.875, -0.25, -0.25, 0.75, 0.5, 0.25, 0.875, 0.0, 0.0, 0.625, 0.0, 0.375, -0.375, -0.625, 0.0, 0.0, 0.0, -0.25, 0.0, 0.0, -0.125, 0.125, 0.0, 0.0, 0.0, 0.0, 0.0, 0.0]","[0.0, 0.25, 0.0, 0.296, 0.7579, 0.6688, 0.4215, 0.0, -0.4404, 0.0, 0.2714, 0.765, 0.4215, 0.0, 0.0, 0.0, 0.9509, 0.7256, 0.8743, 0.0, 0.0, 0.5859, -0.1531, 0.6467, 0.4753, 0.25, 0.0, 0.0, -0.34, 0.3313, 0.4404, 0.0, 0.0, 0.7067, -0.3382, 0.3612, 0.572, 0.3612, 0.0, 0.6369, 0.0, 0.6696, 0.0, 0.4939, 0.0, 0.0, 0.0, 0.0, 0.0, 0.0, 0.3182, 0.0, 0.0, -0.4184, 0.4588, 0.0, 0.0, 0.0]",58,0.12931034482758622,0.2072568965517241
61,2018-11-01,"[1.625, 0.875, 0.0, 0.125, -0.125, 0.625, -0.375, 1.75, 0.0, -0.125, 0.125, -0.25, 0.375, 0.0, 0.0, 0.0, -0.125, 0.25, 0.0, 0.5, 0.875, 0.75, 0.0, 0.0, 0.0, 0.0, 0.125, -0.375, 0.0, 0.75, 1.25, 0.75, -0.5, 0.125, 0.0, -0.625, -0.25, 0.625, 0.0, 0.0, -0.25, 0.75, 0.25, 0.0, -0.375, 0.625, 0.0, 0.0, 1.125, 0.0, 0.375, 0.0, 0.0, -0.125, 0.0, 1.375, 0.125, -0.375, 0.375, 0.5, 1.75, 0.0, 0.0]","[0.3182, 0.5719, 0.34, 0.5994, 0.5574, -0.4574, 0.34, 0.6258, 0.2023, 0.6249, 0.6597, 0.0, 0.0, 0.0, 0.0, 0.0, 0.0, 0.0, 0.872, 0.25, 0.0, 0.5106, 0.0, 0.5267, 0.0, 0.0, 0.5972, -0.3363, 0.0, 0.7964, 0.0, 0.3164, 0.3612, 0.0, 0.0, -0.128, -0.6115, 0.4215, 0.0, 0.0, 0.0, 0.5106, 0.6739, -0.2732, -0.5267, 0.4215, 0.0, 0.1852, 0.7263, 0.0, 0.0, -0.3182, 0.0, 0.0, 0.4404, 0.6597, 0.0, -0.0472, 0.34, 0.0, 0.3182, 0.0, 0.0]",63,0.2361111111111111,0.1756968253968254
62,2018-11-02,"[0.375, 0.125, 0.375, 0.0, 0.375, 0.0, 0.0, 0.0, 0.0, 0.0, 0.75, 0.875, -0.125, 0.0, -0.375, 0.0, 0.25, -0.25, 0.375, 0.0, 0.0, 0.0, 0.375, -0.5, 0.0, 0.0, 0.0, 0.125, 0.25, 0.0, 1.0, 0.0, 0.25, 0.0, -1.125, 0.0, 0.375, 0.125, 0.375, 0.0, 0.125, 0.0, 0.5, 0.0, 1.25, 0.75, -0.125, 0.0, 0.5, 0.375, 0.0, 0.0, 0.0, 0.0, 0.125, 0.0, 0.0, 0.0, 0.0]","[0.5411, 0.2808, 0.0, 0.4404, 0.6369, 0.4019, 0.0, -0.3612, 0.0, 0.0, 0.4404, 0.7074, 0.5453, 0.4939, 0.0, 0.0, 0.4019, 0.0, 0.0, 0.34, 0.0, 0.0, 0.4374, 0.3612, 0.0258, 0.0, 0.6808, 0.0, 0.5962, 0.4926, 0.0, 0.0, 0.8356, 0.0, 0.0, 0.0, 0.0, 0.7404, 0.0, 0.0, -0.7269, 0.6486, -0.0516, 0.0, 0.8442, -0.1761, 0.4215, 0.0, 0.0, 0.34, 0.0, 0.0, 0.0, 0.0, 0.4019, 0.0, 0.0, 0.0, 0.0]",59,0.1271186440677966,0.18204067796610168
63,2018-11-03,"[-0.25, -0.25, -0.375, 0.0, -0.375, 0.375, 0.0, -0.375, 0.0, 0.125, 0.125, 0.0, 0.0, -0.75, -0.625, 0.25, 0.375, 0.0, 0.0, 0.0, 0.375, 0.0, 0.0, -0.25, 0.5, 0.75, 0.0, 0.125, 0.5, 0.0, 0.125, 0.0, 0.0, 0.0, 0.375, 0.0, -0.125, 0.0, 0.125, 0.0, -0.25, 0.0, 0.0, 0.5, 0.0, 0.5, 0.0, 0.0, -0.125, 0.125, 0.0, 0.0, -0.5, 0.0, 0.375, 0.125, 0.0, 0.75, 0.0, 0.0]","[-0.228, 0.0, 0.6808, 0.0, -0.1194, 0.5574, 0.0, 0.0, 0.0, -0.7178, 0.6908, 0.0, 0.0, 0.8243, -0.5267, 0.6229, 0.5106, -0.461, 0.0, 0.0, -0.2732, 0.2023, 0.0, 0.7777, 0.0, 0.6369, 0.0, -0.34, 0.7351, 0.4019, 0.0, 0.0, 0.0, 0.0, 0.3182, 0.0, 0.5859, 0.0, 0.0, 0.7644, 0.0, 0.0, 0.0, 0.4588, 0.0, 0.7579, 0.5719, 0.9217, 0.0516, 0.0772, 0.0, 0.0, 0.0, 0.296, 0.34, 0.9041, 0.0, 0.5487, -0.4939, 0.0]",60,0.0375,0.16795166666666667
64,2018-11-04,"[-0.75, 0.0, 0.0, -0.25, 0.0, -0.375, -0.125, -0.125, 0.0, 0.0, 0.0, -0.125, 0.625, 0.625, 0.0, 0.0, 0.0, 0.0, 0.25, 0.0, -0.25, -0.25, 0.0, 0.0, 0.0, 0.375, 0.5, -0.25, 0.25, 1.125, 0.0, 0.0, -0.875, 0.0, 0.375, 1.375, 0.25, 0.625, 0.0, 0.375, -0.5, 0.0, 0.0, 0.0, 0.5, 0.0, 0.125, -0.25, 1.0, 1.25, -0.375, 0.125, -0.375, 0.0]","[-0.6486, 0.0, 0.0, 0.0, 0.0, -0.5106, 0.8693, 0.4019, 0.0, 0.0, 0.6369, 0.0, 0.5859, 0.7096, 0.8555, 0.0, 0.0, 0.985, 0.0, 0.0, 0.0, 0.0, 0.0, 0.4466, 0.0, 0.0, 0.0, -0.5719, 0.2695, 0.8398, 0.8122, 0.0, -0.296, 0.1759, 0.555, 0.7717, 0.9168, 0.5423, 0.4215, 0.8436, -0.1232, 0.0, 0.0, 0.0, 0.4588, 0.0, 0.0, -0.4019, 0.9243, 0.5719, 0.0, 0.0, 0.6705, 0.0]",54,0.09027777777777778,0.2168944444444445
65,2018-11-05,"[0.0, 0.0, 0.25, 0.0, 0.0, 0.0, 0.0, 0.0, 0.0, 1.75, 0.0, 0.0, -0.75, 0.125, 0.0, 0.0, -0.125, 0.0, 0.0, 0.625, 0.0, 0.0, 0.0, 0.625, 0.0, 0.0, -0.875, 0.875, 0.0, 0.0, 0.875, 0.0, 0.375, 0.0, 0.125, 0.0, 0.0, 0.75, 0.0, 0.0, 0.0, 0.0, 0.5, 0.0, 0.25, 0.0, 0.375, 0.0, 0.0, 0.25, 0.0, 0.0, -0.25, 0.125, -0.25, 0.0, 0.0, 0.0, 0.0]","[0.0, -0.4466, 0.7438, 0.0, 0.0, 0.0, 0.0, 0.0, 0.0, 0.4215, 0.0, 0.8622, -0.6486, 0.5423, 0.0, 0.0, 0.4404, 0.0, 0.0, 0.0, 0.0, 0.0, 0.0, 0.9735, 0.0, 0.0, -0.4502, 0.4404, 0.0, 0.0, 0.2716, -0.347, 0.5106, 0.0, 0.0, 0.0, 0.8074, 0.0, 0.0, 0.4215, 0.8402, 0.2023, 0.0, 0.0, 0.4588, -0.1027, 0.8268, 0.0, 0.0, -0.7987, -0.807, 0.0, 0.2714, 0.802, 0.0, 0.0, 0.0, 0.0, 0.0]",59,0.09533898305084745,0.10569322033898304
66,2018-11-06,"[0.0, 0.0, 0.0, 0.375, 0.375, 0.0, 0.0, -0.625, 0.375, 0.125, 0.0, 0.375, 0.0, -0.25, 0.75, 0.0, 0.0, 0.0, -0.125, -0.25, -0.125, 0.5, 0.375, 0.0, 0.375, 0.5, 0.0, 0.375, -0.125, 0.375, 0.0, 0.0, 0.875, 0.0, 0.5, -0.125, 0.0, 0.0, 0.0, 1.0, 0.0, 0.0, 0.0, 0.25, -0.125, -0.125, 0.0, 0.125, 0.0, -0.625, 0.0, 0.375, -1.0, 1.75, -1.0, 0.5, 0.125, -0.375, 0.0, 0.75, 0.125, 0.0, 0.0, 0.375, 1.0, 0.375, -0.375, -0.375]","[0.0, 0.0, 0.0, 0.0, 0.3182, 0.0, 0.0, 0.34, 0.0, 0.7386, 0.0, 0.0, 0.0, 0.2263, 0.7626, 0.0, 0.0, -0.4005, -0.3612, 0.9315, 0.7251, 0.296, 0.8906, -0.3182, 0.0, 0.0, 0.0, 0.0, 0.0, 0.6705, 0.296, 0.6369, 0.1197, 0.0, 0.0, 0.4696, 0.0, 0.0, 0.0, 0.5848, -0.25, 0.0, 0.5719, 0.6369, 0.0, 0.0, 0.0, -0.1335, 0.0258, 0.6369, 0.0, 0.0, 0.25, 0.4278, 0.0, 0.7297, 0.4003, 0.5106, 0.0, -0.4389, 0.34, 0.7506, 0.0, 0.0, 0.7269, 0.0, 0.925, 0.2263]",68,0.10845588235294118,0.19504117647058825
67,2018-11-07,"[0.0, 0.0, 0.0, -0.25, 0.25, 0.25, 0.0, 0.0, 0.0, 0.0, 0.0, -0.5, 0.75, 0.625, 0.0, -0.25, 0.0, 1.5, 0.0, 0.125, 0.0, -0.25, 1.5, -1.25, 0.375, 0.5, 0.0, 0.0, 0.75, 0.0, 0.0, 0.75, 0.375, 0.0, -0.125, 0.125, 0.0, 1.125, 0.0, 0.0, 0.0, 0.25, -0.125, 0.0, 0.125, 1.375, 0.375, -0.625, 0.0, 1.0, 0.0, 0.75, -0.5, -0.25, -1.125, 0.0, 0.0, 0.0, 0.125, -0.875, -0.125, 0.875, -0.25, 0.125, 0.0]","[0.0, -0.3111, 0.0, 0.5994, 0.1511, 0.0, 0.3049, 0.0, 0.0, 0.0, 0.0, 0.0, 0.6124, 0.5058, 0.5994, -0.4939, 0.0, 0.0, 0.0, -0.1779, 0.0, 0.34, 0.6096, -0.6486, 0.0, 0.6901, 0.0, 0.0, 0.8692, 0.0, 0.0, 0.5719, -0.1531, 0.4201, 0.6916, 0.5678, 0.0, -0.4576, 0.0, 0.5423, 0.2144, 0.0, -0.1531, 0.0, 0.4199, 0.2023, 0.8016, 0.0, -0.7096, 0.7506, 0.2023, 0.5777, -0.25, 0.0885, -0.7269, 0.0, 0.3612, 0.6369, 0.0772, 0.0, 0.0, 0.0, -0.3182, 0.0, 0.0]",65,0.11538461538461539,0.12320307692307693
68,2018-11-08,"[0.625, -0.25, 0.375, 0.0, 0.0, 0.0, 0.0, -1.125, -0.625, -0.25, 0.25, 0.25, 0.375, 0.375, 0.875, 0.0, 0.125, 0.0, 0.0, 0.0, 0.0, 0.25, 0.75, 1.125, 1.375, -0.125, 0.0, 0.125, 0.0, 0.375, -0.125, 0.125, 0.875, 0.0, 1.0, -0.375, 0.0, 0.75, 0.25, 0.0, 0.125, 0.0, 0.875, -0.625, 0.25, 0.875, 0.0, 0.0, 0.0, 0.625, 0.375, -0.75, 0.0, 0.125, 0.0, 0.0, 0.125, 0.125, -0.25]","[0.8832, -0.1513, 0.5106, 0.0, -0.5994, 0.0, -0.0258, -0.2183, -0.3818, 0.0, -0.4003, 0.7043, -0.2935, 0.0, 0.5563, 0.0, 0.0, 0.4588, 0.0, 0.3182, 0.0, -0.9211, 0.5859, 0.7845, 0.7574, 0.296, 0.0, 0.0, 0.0, 0.6166, 0.0, 0.5106, 0.8016, 0.0, 0.8016, 0.6908, 0.0, 0.6908, 0.0, 0.0, 0.0, 0.0, 0.7901, 0.9722, 0.3612, 0.7579, -0.3818, 0.0, 0.0, -0.5423, 0.3595, -0.4703, 0.0, 0.0, 0.3182, 0.0, 0.0772, -0.5574, 0.296]",59,0.15677966101694915,0.1518
69,2018-11-09,"[-1.0, 0.0, 0.0, 0.0, 0.0, 0.0, -0.875, 0.625, 0.0, 0.375, -0.375, 0.0, -0.25, 0.0, 0.0, 0.0, 0.0, 0.0, 0.0, -0.5, 0.0, 0.0, 0.75, -0.125, -0.125, -0.25, 1.5, 0.375, 0.0, 0.0, -0.25, 0.625, 0.25, 0.5, 0.0, 1.625, 0.0, 0.0, 0.0, -0.25, 0.75, 0.0, 0.375, 0.0, 0.25, 0.0, 0.0]","[0.296, 0.0, 0.0, 0.0, 0.0, 0.4466, 0.0, -0.128, 0.5719, 0.0, -0.5267, -0.6124, 0.9245, 0.0, 0.2942, 0.0, 0.0, 0.0, 0.0, 0.7684, -0.6988, 0.0, 0.4215, 0.0, -0.296, 0.4404, 0.7712, 0.0, 0.0, 0.34, 0.0, 0.7506, 0.4588, 0.7178, 0.0, 0.9436, 0.0, 0.4215, 0.0, 0.6581, 0.34, 0.0, 0.5106, 0.0, 0.0, 0.0, 0.0]",47,0.0851063829787234,0.16625106382978722
70,2018-11-10,"[0.0, -0.125, 0.0, 0.125, 0.5, -0.25, 0.125, 0.0, 0.125, 0.125, 1.375, 0.0, 0.125, -0.125, -0.125, 0.0, 0.0, 1.375, 0.0, 0.0, -0.625, 0.0, 0.625, 0.375, 0.5, 0.0, 0.75, 0.0, 0.25, 0.0, 0.0, 0.875, 0.0, 0.125, 0.0, -0.5, 0.0, 0.25, 0.125, 0.25, 1.25, 0.0, -0.375, 0.0, 0.0, 0.75, 0.125]","[0.0, 0.0, 0.0, 0.0, 0.5859, 0.6486, 0.4939, 0.0, 0.0, 0.7096, 0.5574, 0.6344, 0.0, 0.4019, 0.34, 0.0, 0.0, 0.7845, 0.0, -0.3595, 0.0, 0.0, 0.7096, 0.1655, 0.69, 0.0, 0.0, 0.0, 0.906, 0.0, 0.0, 0.0, 0.0, 0.5267, 0.0, -0.2755, 0.0, 0.6369, -0.1027, 0.0, 0.8176, 0.0, -0.9083, 0.0, 0.34, 0.4404, 0.7574]",47,0.1702127659574468,0.20213404255319156
71,2018-11-11,"[0.0, 0.0, 1.0, 0.0, -0.375, 0.125, 0.125, 0.25, 1.25, 0.0, 0.375, 0.0, 0.0, -0.5, 0.0, -0.125, 0.0, 0.375, 0.0, 0.0, 0.375, 0.625, 0.0, 1.0, 0.75, 0.0, 0.25, 0.0, 0.0, 0.25, 0.125, 0.0, 0.0, 0.0, 0.75, -0.25, 0.25, 0.0, -0.25, 0.0, 0.0, 0.0, 0.0, 0.0, 0.75, 0.0, 0.0, 0.125, -0.25, 0.0, 0.5, 0.0, -0.25, -0.625, 0.75, 0.25]","[0.8126, 0.0, 0.836, 0.0, -0.7269, 0.5267, 0.0, -0.5267, 0.8374, 0.0, 0.9231, 0.4404, 0.8555, 0.0, 0.0, 0.0, 0.4215, 0.0772, 0.9118, 0.0, 0.8547, -0.0772, -0.4215, 0.34, 0.9248, 0.3164, 0.8668, 0.2023, 0.0, 0.4019, 0.0, 0.0, 0.0, 0.0, 0.5719, 0.0, 0.0, 0.0, 0.2263, -0.5719, 0.4588, 0.0, 0.0, 0.4215, -0.6597, 0.0, 0.0, 0.4939, -0.0935, 0.0, 0.0, 0.0, -0.0772, 0.0, 0.6369, 0.2732]",56,0.13616071428571427,0.1870892857142857
72,2018-11-12,"[-0.125, 0.375, 0.375, 0.0, 0.625, 0.0, -1.5, 0.0, 0.25, 0.0, 0.0, 0.75, -0.25, 0.0, 0.0, 0.0, 0.375, 0.75, 0.0, 0.0, 0.375, 0.0, 0.0, 0.0, 0.5, 0.75, 0.0, 0.0, 0.0, -0.75, 0.0, 0.0, 0.0, 0.0, 0.0, 0.125, 0.0, 0.0, 0.0, 0.75, 0.0, 0.0, 0.0, 0.0, -0.75, 0.0, 0.375, 0.125, 0.0, -1.5, -0.25, 0.0, 0.75, 0.125, 0.0, 0.375, 0.0, -0.25, 0.0, 0.0, -0.375, 0.875, 0.0, 0.0, 0.125, 0.0, 0.0, -0.5, 0.0, -0.625, 0.5, 0.0, 0.0, 0.625, -0.25, 0.25, 0.0, 0.0, 0.375, 0.0, 0.75, 0.0, 0.0, 0.0, 0.0, -0.25, -0.375, 0.0, 0.0, 1.0, 0.0, -0.75, 0.0, 0.0, 0.25, 0.0, 0.0, 0.0, 0.25, -0.25, 0.0, -0.25, 0.0, 1.0, -0.25, 0.375, 0.0, 0.75, 0.375, -1.25, 0.0]","[0.0, 0.7579, 0.0, -0.4374, 0.0, 0.6239, -0.4019, 0.0, 0.0, -0.5574, 0.0, 0.0, -0.296, 0.0, 0.0, 0.0, 0.0, 0.7184, 0.0, 0.0, 0.34, 0.0, 0.0, 0.0, 0.7579, 0.0, 0.5719, 0.0, 0.0, -0.6486, 0.0, 0.6249, -0.8143, 0.0, 0.0, 0.5385, -0.296, 0.0, 0.0, 0.6779, 0.0, 0.0, 0.0, 0.0, -0.6486, 0.0, 0.4019, 0.2415, 0.34, -0.802, -0.2584, -0.9796, 0.0258, 0.5423, -0.1531, 0.0, 0.0, 0.0, 0.0, -0.0516, -0.7269, 0.8225, 0.0, 0.0, -0.1779, 0.0, 0.0, 0.0, 0.0, -0.6597, 0.4939, 0.0, 0.0, -0.7275, 0.5719, 0.0, 0.0, -0.5719, 0.4574, 0.0, 0.5574, 0.0, 0.0, 0.0, 0.4084, 0.0, 0.3612, 0.0, 0.6369, 0.0, -0.296, -0.6486, 0.2263, 0.0, -0.471, 0.0, 0.0, 0.0, 0.2516, 0.34, 0.0, -0.5267, 0.6114, 0.7964, 0.0, 0.4939, 0.765, 0.4927, 0.5766, -0.7717, -0.5574]",111,0.04279279279279279,0.031946846846846844
73,2018-11-13,"[0.5, 0.0, -0.5, 0.0, 0.0, -0.625, -0.25, 0.375, -0.25, 0.0, 0.0, -0.125, 0.0, 0.0, 0.0, 0.0, 0.75, 0.0, 0.0, 0.0, 0.0, 0.0, 0.0, 0.0, 0.0, -0.375, 0.5, -0.875, 0.375, 0.375, 0.375, 0.0, 0.375, 0.0, 0.75, 0.75, 1.25, 0.0, 0.0, 1.625, 0.0, 0.0, 0.0, -0.125, 0.0, 0.625, -0.625, 0.0, 0.0, 0.875, 0.125, -0.25, 0.125, 0.625, -1.5, 0.0, 0.0, 0.0, 0.0, -0.125, 0.125, 0.75, 0.875, 0.0, 0.0, -0.75, 0.75, 0.25, 0.0, -0.875, 0.375, 1.0, 0.0, 0.0, -0.375, 0.0, 0.75, 0.0, -0.25, -1.125, 0.375, 0.0, 0.75, 1.375, 0.0, 0.0, 0.0, 0.0, -1.25, 0.0, 0.0]","[0.875, 0.0, 0.9109, 0.0, 0.0, -0.6249, 0.0, 0.0, -0.7378, 0.0, 0.0, -0.3818, 0.0, 0.7845, 0.0, 0.0, 0.7263, -0.4404, 0.0, -0.5423, 0.0, 0.0, -0.5574, 0.7297, 0.6249, -0.4215, 0.0, -0.7964, 0.0, 0.6908, 0.6908, 0.0, 0.6379, -0.416, 0.5574, 0.6114, 0.6114, 0.6249, 0.0, 0.0, -0.5574, 0.0, 0.5868, 0.8074, 0.0516, -0.4215, 0.0, -0.1326, 0.0, 0.6369, -0.1839, 0.0, 0.3693, -0.4215, -0.9081, 0.0, 0.0, -0.5423, 0.0, -0.7717, 0.0, 0.4404, 0.8553, 0.0, 0.0, -0.8074, 0.6369, -0.2484, 0.0, -0.7964, 0.6239, 0.9547, 0.34, 0.0, -0.7964, 0.0, 0.6369, 0.0, 0.2714, 0.0, -0.4019, 0.0, 0.946, 0.6597, 0.0, 0.0, 0.0, 0.3182, -0.3919, 0.0, 0.0]",91,0.08241758241758242,0.06496043956043955
74,2018-11-14,"[0.0, 0.0, 0.125, -0.25, 0.0, 0.0, 0.0, 0.375, 0.125, -0.25, -0.125, 0.25, 0.0, 0.875, 0.625, 0.0, 0.875, 0.625, 0.0, -0.25, -0.25, -0.25, 0.0, 0.0, 0.0, -0.75, 0.125, 0.125, 0.75, -0.5, 0.75, 0.0, 0.75, 0.125, 0.125, 0.0, 0.0, 0.0, 0.75, 0.0, 0.0, 0.0, 0.25, 0.75, 0.125, -0.125, 0.25, 0.75, -0.5, -0.875, 0.0, 2.25, 1.5, 1.25, 0.0, 0.125, 0.0, 0.0, 0.0, 0.0, 0.0, 0.0, 0.875, 0.0, 0.25, -0.375, 0.625, 0.0, 0.125, 0.0, -0.25, 0.875, -0.25, 0.0, 0.0, 0.25, 0.0, 0.0, 0.0, 0.375]","[0.7351, 0.0, 0.5859, 0.34, 0.0, 0.0, 0.0, 0.0, -0.34, -0.3818, -0.0258, 0.7783, 0.3612, 0.6369, 0.8271, 0.0, 0.6369, 0.296, 0.0, 0.0, 0.0, -0.4767, 0.34, 0.0, 0.0, 0.0, 0.0, 0.5859, 0.8442, 0.0, 0.6369, 0.3182, 0.8122, 0.4588, -0.296, 0.0, 0.34, 0.0, 0.6369, 0.0, 0.0, 0.2846, 0.6249, 0.0, 0.1779, 0.0, 0.0, 0.6369, 0.5565, -0.7964, 0.6369, 0.8519, 0.8651, 0.6124, 0.0, 0.0, 0.0, 0.7644, -0.0772, 0.0, 0.0, 0.0, 0.8058, -0.2942, 0.4588, -0.4215, 0.0, 0.0, 0.668, 0.2924, -0.2023, 0.0, 0.2714, 0.0, 0.0, 0.0, 0.0, 0.0, -0.4588, 0.0]",80,0.1625,0.18634625
75,2018-11-15,"[-0.25, 0.0, -0.75, 0.25, -0.25, 0.0, 0.875, 0.0, 0.125, 0.0, 0.125, 0.875, 0.125, -0.25, -0.625, 0.875, 0.125, 0.0, 0.625, 0.0, 0.0, -1.125, 0.25, 0.75, 0.0, 0.0, 0.0, 0.0, 0.375, 0.5, 0.75, 0.0, 0.125, 0.125, 0.875, 0.0, -0.625, 0.0, 1.125, 0.0, -0.125, 0.0, 0.0, 0.0, 0.75, 0.125, 0.625, -0.125, 0.0, 0.625, -0.375, 0.125, 0.0, -0.125, 0.0, 0.0, 0.0, 0.0, 1.125, 0.375, 0.75, 0.0, 0.0, 0.75, 1.375, 0.0, -0.125, -0.125, 0.5, 0.0, -0.5, 0.125, 0.125]","[0.3182, 0.8008, -0.7964, 0.6588, 0.0, 0.128, 0.8217, 0.0, -0.0772, 0.0, 0.0, 0.7437, 0.3612, 0.0, 0.34, -0.5423, 0.7177, 0.6369, -0.5106, 0.0, 0.0, -0.8625, 0.3612, 0.6369, 0.0, 0.0, 0.0, 0.0, 0.0, 0.5927, 0.6369, 0.4215, 0.0, 0.0, 0.7003, 0.0, -0.7096, 0.0, 0.8172, 0.3612, 0.6478, 0.0, 0.0, 0.0, 0.7088, 0.126, 0.3646, 0.4215, 0.1779, 0.25, 0.9022, 0.5216, 0.0, 0.0, 0.6688, 0.0, 0.0, 0.0, 0.0, 0.0, 0.6369, 0.0, 0.0, 0.6369, 0.8126, -0.3612, -0.25, 0.0, 0.7184, 0.4767, -0.6486, 0.5719, -0.0516]",73,0.14897260273972604,0.19023972602739722
76,2018-11-16,"[0.0, 0.0, -0.125, 0.0, 0.375, -0.125, 0.0, 0.0, 0.5, -0.5, 0.0, 0.0, 0.875, 0.375, 0.0, -0.25, 0.5, -0.125, 0.0, -0.75, -1.25, 0.0, 0.0, -0.125, 0.375, 0.375, -0.125, 0.0, 1.625, -0.25, 0.125, -0.125, 0.375, 0.25, -0.5, 0.0, 1.375, 0.125, 0.125, 0.875, -0.25, 0.0, 0.125, 0.0, 0.75, 0.0, 0.0, 0.0, 0.0]","[0.34, -0.3182, 0.0258, -0.5719, 0.5859, 0.3291, 0.0, 0.0, 0.3855, 0.4466, 0.0, 0.0, 0.0, 0.69, 0.0, -0.4588, 0.7906, 0.0, 0.0, 0.2003, 0.0, 0.0, -0.3182, 0.34, 0.0, 0.5106, 0.6908, 0.0, 0.9069, 0.0, 0.0, 0.0, 0.5106, 0.0, -0.6249, 0.4186, 0.6901, 0.9508, -0.0516, 0.4404, -0.4285, 0.0, 0.0, 0.0, 0.2996, 0.0, 0.0, 0.0, 0.0]",49,0.09438775510204081,0.13836938775510205
77,2018-11-17,"[0.75, -0.75, 0.125, 0.0, 0.0, -0.5, 0.25, 0.0, 0.0, 0.0, 0.0, 0.0, 0.25, -0.125, 0.5, -0.75, -0.25, 0.0, 0.0, -0.25, 0.0, 0.0, -0.625, 0.75, 0.25, 0.5, 0.0, 0.0, 0.125, 0.0, 0.25, 0.0, 0.0, 0.0, 0.0, 0.0, 0.0, 0.0, 0.0, -0.125, -0.375, 0.125, 0.375, 0.125, -0.25, 0.125, 0.125, 0.0]","[0.6369, 0.3578, 0.0, -0.4404, 0.0, 0.0, 0.0, 0.4215, 0.0, 0.3612, 0.0, 0.0, 0.4767, 0.0772, 0.7351, -0.3612, -0.4842, 0.0, 0.0, -0.4019, 0.0, 0.0, 0.3182, -0.4576, -0.3164, 0.0, 0.0, 0.7543, 0.3818, 0.0, -0.6705, 0.0, 0.5264, 0.0, 0.0, -0.2732, 0.0, 0.0, 0.0, 0.0, 0.0, 0.3612, 0.8402, 0.2023, 0.0, 0.0, 0.4588, -0.1027]",48,0.013020833333333334,0.07086458333333333
78,2018-11-18,"[0.0, 0.0, 0.0, 0.875, -0.375, 0.75, 0.0, 1.875, 0.375, 0.125, -0.25, 0.25, 0.0, -0.25, 0.0, 0.0, 0.25, 0.75, 0.0, 0.0, 0.0, 0.625, 0.0, 0.0, 0.0, 0.0, 0.0, -0.625, 0.25, 0.0, 0.0, -0.125, 0.875, 0.125, -0.375, 0.25, 0.375, 0.0, 0.0]","[0.0, 0.0, 0.0, 0.5719, 0.34, 0.6486, -0.4019, 0.8548, 0.4215, 0.1779, 0.0, 0.0, 0.0, 0.5106, 0.0, 0.0, 0.5859, 0.1779, 0.4795, -0.128, 0.0, 0.0, 0.5396, 0.6705, 0.0, 0.0, 0.0, 0.5859, 0.6759, 0.3506, 0.0, 0.6808, 0.0, 0.4939, -0.5423, 0.5859, 0.0, 0.0, 0.4019]",39,0.14743589743589744,0.22259999999999996
79,2018-11-19,"[0.0, 0.0, 0.0, 0.25, -0.25, 0.25, 0.375, -0.375, -0.25, 0.0, 0.125, 0.0, 0.0, 0.0, 0.25, 0.25, 1.5, 0.0, 0.0, 0.125, 0.625, 0.0, 0.625, 0.375, 0.375, 0.0, 0.0, -0.875, 0.0, 0.0, 0.0, 0.0, 0.0, 0.0, 0.5, 1.375, 0.125, 0.5, 0.0, 0.25, 0.0, 0.5, 0.0, -0.25, 0.0, -0.125, 0.125, 0.0, 0.0, 0.0, 0.0, 0.25, 0.0, 0.0, 0.0, 0.125, 1.25, 0.25, 0.0, 0.25, 0.375, -0.75, 0.0, 0.0, 0.0, 0.0, 0.0, 0.5, -0.125, 0.125, 0.375]","[0.7687, 0.8257, 0.7804, 0.6124, 0.0, 0.3818, 0.0516, 0.0, 0.2714, 0.0, 0.0, 0.0, 0.555, 0.0, 0.6808, -0.3818, 0.6077, 0.0, 0.0, 0.0, 0.4215, 0.0, 0.5972, -0.765, 0.0, 0.0, 0.0, 0.636, 0.4215, 0.5684, 0.0, 0.5719, -0.3818, 0.0, 0.2263, 0.6588, 0.7901, 0.875, 0.0, 0.4199, 0.0, 0.1368, 0.0, 0.0, 0.0, 0.4753, 0.0, 0.4215, 0.0, 0.0, 0.0, 0.7034, 0.34, 0.7712, 0.0, 0.8442, 0.6369, 0.5994, -0.5106, -0.4767, 0.0, 0.4649, 0.4215, 0.5859, 0.0, 0.6369, 0.0, 0.6249, -0.4019, 0.4215, -0.5719]",71,0.1267605633802817,0.2298126760563381
80,2018-11-20,"[0.375, -0.375, 0.375, 0.5, 0.375, 0.125, 0.0, 0.0, 1.875, 1.25, 0.0, -0.125, 0.0, 0.0, 0.0, -0.25, 1.375, -0.125, 0.0, 0.0, 0.0, -0.125, 0.25, 0.0, 0.0, 0.0, 0.25, 0.375, -0.625, 0.0, 0.375, -0.375, 0.0, 0.375, -1.25, 0.125, 0.0, 0.0, 0.125, 0.0, 0.0, 0.625, -0.125, 0.5, 0.0, -0.25, -0.625, 0.0, 0.0, 0.0, 0.0, 0.0, 0.625, 0.0, 0.5, 0.375, 0.0, -0.5, 0.0, 0.0, 0.25, 0.75]","[0.5106, 0.0, 0.3612, 0.8519, 0.4885, 0.5719, -0.357, 0.6892, 0.9042, 0.8439, -0.6996, 0.1796, 0.0, 0.1506, 0.0772, 0.0, -0.3089, 0.0, 0.0, 0.0, 0.0, 0.5319, 0.7003, 0.0, 0.0, 0.0, -0.1921, 0.1901, 0.0, 0.0, 0.0, 0.0, 0.0, 0.4199, 0.0, 0.3034, 0.0, 0.4404, 0.4003, 0.0, -0.1531, 0.7717, -0.3818, 0.7184, 0.0, 0.34, 0.8074, 0.7125, 0.0, 0.6588, 0.0, 0.0, 0.7777, 0.0, -0.4767, 0.0, 0.0772, 0.5622, 0.0, 0.9062, 0.4588, 0.4404]",62,0.11290322580645161,0.2141483870967742
81,2018-11-21,"[0.0, 0.0, -0.125, 0.75, -0.625, 0.375, 0.5, 0.0, 0.625, 0.0, -0.125, 0.0, 0.5, 0.0, 0.0, 0.125, 0.0, 0.0, -0.125, 0.0, -0.75, -0.25, 0.0, 0.0, -0.375, 0.0, 0.125, 0.125, -0.375, 0.0, -0.625, 0.25, 0.875, 0.0, 0.0, 0.0, -0.25, -0.375, 0.0, 0.0, -0.25, 0.0, 0.75, 0.0, 0.0, -0.25, 0.125, 0.0, 0.0, 0.0, 0.375, 0.25, 0.375, 0.5, 0.0, 0.125, 0.0, 0.5, 0.0, 0.0, -0.375, 0.0, 0.0, 0.0, 0.25, 0.0, 0.0, -0.125, 0.0, 0.125, 0.125, 0.0, 0.625, 0.25, 0.0]","[0.5719, 0.8126, -0.4939, 0.4404, 0.0, 0.0, 0.0, 0.0, 0.2023, -0.0516, 0.7125, 0.0, 0.5707, 0.0, 0.0, 0.0, 0.0, 0.4215, 0.0, 0.4404, 0.0, 0.34, 0.0, 0.0, 0.3802, 0.0, 0.0, 0.0, -0.6486, 0.0, 0.0, 0.7096, 0.6369, 0.0, 0.2484, 0.0, 0.5803, -0.6908, 0.0, 0.0, -0.3818, 0.0258, 0.7177, 0.0, 0.0, 0.0, 0.0, 0.0, 0.2263, 0.0, 0.4003, -0.1326, -0.4767, 0.0, 0.6369, 0.0, 0.4588, 0.0, 0.5994, 0.6239, 0.3802, 0.2732, 0.0, 0.0, 0.6351, 0.0, 0.4588, 0.6239, 0.0, 0.5859, -0.1295, -0.4404, 0.8555, 0.3612, 0.1779]",75,0.04833333333333333,0.1555013333333333
82,2018-11-22,"[0.125, 0.125, 0.0, 0.0, 0.375, 0.0, -0.375, -0.375, 0.125, 1.25, 0.5, 0.0, -0.125, 0.375, 0.0, 1.0, 0.75, 0.0, -0.125, 0.75, 0.0, 0.875, 0.0, -1.0, -0.125, -1.0, -0.625, 0.0, 0.0, 0.375, 0.0, 0.0, 0.125, 0.5, 0.0, 0.0, 0.0, -0.625, 0.125, 0.0, -0.25, 0.875, 0.0, 0.75, 0.125, 0.375, -1.125, -1.125, 0.0, -1.125, -0.1120000000000001, -0.5, -0.75, 1.625, 0.0, 0.625, 0.0, 0.625, 0.0, 1.625, -0.25, 1.0, 0.0, -0.5, -0.375, 0.5]","[0.5859, 0.3682, 0.3612, 0.7906, -0.1531, 0.4767, 0.4767, -0.4939, 0.0387, 0.6369, 0.6169, 0.0, -0.4939, 0.1779, 0.0, 0.0, 0.6249, -0.296, 0.4939, 0.3291, 0.0, 0.5719, 0.0, -0.4404, 0.0, 0.1531, 0.0, 0.0, 0.0, 0.7184, 0.0, 0.0, 0.1779, -0.296, 0.0, 0.4215, 0.0, -0.6909, 0.0, 0.6597, 0.0, 0.5719, -0.4404, 0.3612, 0.1779, 0.5562, 0.3612, -0.2856, 0.2023, -0.4939, 0.0, -0.3182, 0.7615, 0.6114, 0.765, 0.4364, 0.0, 0.0, 0.8555, 0.8268, 0.0, 0.6369, 0.0, -0.5574, 0.3818, 0.8605]",66,0.07595454545454546,0.18313484848484854
83,2018-11-23,"[0.0, -0.375, 0.0, -0.25, 0.0, -0.25, 0.75, -0.25, 0.0, 0.75, 0.875, 0.0, 0.0, 0.0, -0.75, 0.25, 0.125, 0.5, 0.5, 0.0, 1.25, -0.625, 0.0, 0.5, 0.0, 0.25, 0.0, 0.0, 0.125, 0.0, 0.0, 1.125, -0.375, 1.25, 0.0, 0.125, 0.25, -0.75, 0.0, 0.0, 0.25, 0.0, 0.0, 0.0, 2.875, 0.125, 0.0, 0.125, 1.0, 0.375, -0.75, 0.25, -0.125, 0.0, 0.875, 0.625, -0.125, -0.25, 0.0, -0.125, 0.0, 1.25, 0.125, 0.0, 0.125, 1.0, 0.0, 0.0, 1.0, 0.0, 0.375, 0.25, 0.0, 0.0, -0.125, -1.25, 0.5, 0.0, -1.625, 0.0, 0.0]","[0.0, 0.0, 0.7034, 0.0, 0.0772, 0.0, 0.4588, -0.6249, 0.8126, 0.25, 0.8439, 0.0, 0.0, 0.0, 0.0, 0.6369, 0.9042, 0.0, 0.0, -0.3182, 0.4019, 0.0, 0.3182, 0.8818, 0.8074, 0.8779, 0.6884, 0.7184, 0.3182, 0.0, 0.0, 0.836, -0.4767, 0.7628, 0.0, 0.8074, 0.743, -0.4215, 0.0, 0.0, 0.0, 0.34, 0.6124, 0.0, 0.6467, 0.4404, 0.0, 0.0, 0.8912, 0.2769, -0.2263, 0.6996, -0.3818, 0.0, 0.9924, 0.6361, -0.745, -0.2732, 0.0, 0.0, 0.4404, 0.8439, 0.0, 0.0, 0.7269, 0.4588, 0.0, 0.6249, 0.7177, 0.0, 0.6679, 0.8065, 0.0, 0.6249, 0.0, 0.5837, 0.8538, 0.0, -0.5574, 0.3612, 0.4003]",81,0.14506172839506173,0.2774074074074075
84,2018-11-24,"[0.375, 0.0, -0.875, 0.0, -0.125, 0.0, -0.125, 0.6659999999999999, 0.25, 0.5, 0.0, 0.625, 0.875, 0.25, 0.0, 0.0, 0.25, 0.125, 0.5, 0.0, 1.0, 0.0, 0.375, 0.0, 0.0, -0.875, 0.625, 0.0, 0.0, 0.0, -0.125, -0.375, -0.5, 0.25, 0.625, 0.25, 0.125, 0.25, 0.0, 0.0, -0.25, -0.25, -0.25, 0.0, 0.0, 0.0, 0.25, 0.0, 0.0, 0.0, 0.125, 0.0, 0.0, 0.0, 0.0, -0.25, 0.0, 0.125, 0.875, 2.0]","[0.4215, 0.3182, -0.6486, 0.0, -0.4767, 0.3818, 0.2263, 0.6114, 0.3802, 0.1882, -0.2732, 0.5859, 0.8402, -0.0258, 0.0, 0.0, 0.3923, -0.3182, -0.4824, 0.3182, 0.6369, 0.0, 0.4588, 0.0, 0.0, -0.5994, 0.0, 0.0, 0.0, 0.6369, -0.7783, 0.9081, -0.4767, 0.0, 0.7003, 0.5719, 0.34, 0.0, 0.3612, 0.0, 0.4019, 0.0, 0.0, 0.0, 0.0, 0.9217, 0.4926, 0.0, 0.5229, 0.0, 0.4588, 0.743, 0.4199, 0.0, 0.9429, 0.0, 0.9829, 0.0, 0.6696, 0.4404]",60,0.12151666666666668,0.20326000000000005
85,2018-11-25,"[0.5, 1.0, -0.375, 0.0, 0.0, 0.0, 0.25, 0.0, 0.0, 0.0, 0.375, 0.125, 0.625, 1.625, 0.0, 0.375, -1.125, -1.25, -0.5, 0.75, 0.625, 0.0, -0.375, 1.0, 0.875, 0.0, 0.375, 0.0, 0.125, 0.0, 0.125, -0.125, 0.125, 1.0, -0.25, 0.0, 0.125, -0.375, 0.0, 0.0, 0.125, 1.0, 0.875, 0.0, 0.0, 0.0, 0.0, -0.25, 0.625, 0.5, 0.25, 0.375, 0.0, 0.375, 0.125, 0.125, -0.875, 0.5, -0.25, 0.875, -0.125, -0.5]","[0.5683, 0.886, 0.1326, 0.0, 0.5719, 0.0, 0.7579, 0.0, 0.7096, 0.0, -0.7906, 0.0, 0.5732, 0.8442, 0.6369, 0.0, -0.6133, 0.0, 0.4939, 0.0, 0.4215, 0.0, 0.0, 0.8261, 0.6249, 0.0, 0.0, 0.7507, 0.8807, 0.0, 0.34, 0.5859, 0.0, 0.636, 0.6124, -0.6597, 0.0, -0.296, 0.2732, 0.3612, 0.745, 0.9337, 0.9659, 0.0, 0.9571, 0.555, 0.0, 0.8381, 0.8555, 0.9299, 0.5719, 0.8008, 0.0, 0.0, 0.5719, 0.0, -0.6486, 0.4588, 0.0, 0.9, 0.9744, 0.0]",62,0.15120967741935484,0.3312403225806451
86,2018-11-26,"[-1.125, -0.25, 0.0, 0.875, 0.0, -0.125, 0.5, 0.0, 0.0, 0.0, 0.0, 0.0, 0.0, 0.0, 0.625, 0.0, 0.25, -0.5, 0.375, 0.0, 0.125, 0.0, 0.0, 0.0, -0.375, 0.0, 0.0, 0.5, 0.0, 0.125, 0.0, -0.125, 0.125, 0.0, 0.125, 0.375, 0.125, -0.125, 0.0, 0.0, 0.375, -0.625, -0.125, 0.75, 0.625, 0.0, 0.5, 0.0, 0.625, 0.0, 0.5]","[-0.6486, 0.0, 0.0, 0.4939, 0.0, 0.0, 0.8519, 0.4215, 0.4215, 0.3612, 0.4939, 0.4215, 0.5994, 0.0, 0.4926, 0.0, 0.7996, 0.7717, 0.8436, -0.34, 0.4404, 0.0, 0.0, 0.0, 0.3802, 0.0, 0.0, 0.0, 0.0, -0.4199, 0.3818, 0.4084, 0.0, 0.4215, 0.743, 0.0, 0.4926, 0.0, -0.0772, 0.0, 0.0, -0.1759, 0.3365, 0.6369, 0.6696, 0.0, 0.0, 0.0, 0.0, 0.2023, 0.0]",51,0.08088235294117647,0.2043901960784314
87,2018-11-27,"[-0.125, 0.0, -0.125, 0.0, 0.75, 0.5, 0.5, 0.0, -0.25, -0.375, 0.0, -0.375, 1.0, 0.375, 0.0, 0.0, 0.0, -0.25, 1.25, 0.0, -0.25, 0.25, 0.375, 0.0, -0.5, -0.375, 0.625, -0.125, 0.0, -0.75, 0.0, 0.0, 0.0, 0.0, 1.25, -0.125, 0.0, 0.0, -0.125, -0.125, 0.125, 0.0, -0.625, 0.125, 1.0, 0.5, 0.25, 0.375, 0.5, 0.375, 0.0, 0.0, 0.125, 0.0, 0.625, 0.0, 0.0, 0.125, 0.375, 0.0, 0.0, 0.5, 0.0, 0.0, 0.0, 0.0, 0.0, 0.625, 0.0, 0.0, 0.0, 0.0, 0.0, 0.875, 0.0, 0.0, 0.0]","[0.6486, 0.0, 0.0772, 0.34, 0.9062, 0.6588, 0.6588, 0.0, 0.4574, 0.0, -0.5859, 0.0, 0.5267, 0.75, 0.4215, 0.7365, -0.807, 0.0, 0.0, 0.0, 0.1531, 0.2263, 0.3612, 0.0, 0.4215, 0.0, 0.4144, -0.428, 0.0, -0.3561, 0.4003, 0.0, 0.0, 0.0, 0.7959, 0.0, 0.0, 0.0, 0.0, 0.0, 0.2648, -0.4404, -0.4019, 0.4215, 0.872, -0.5093, -0.5093, 0.0, 0.7019, 0.0, 0.4215, 0.0, 0.0, 0.0, 0.5719, 0.4215, 0.0, 0.0, 0.8834, 0.4824, 0.0, 0.3182, 0.0, 0.0, -0.9536, 0.0, 0.0, 0.0, 0.7579, 0.0, 0.0, 0.0, 0.0, 0.8201, 0.0, 0.0, 0.0]",77,0.11525974025974026,0.14155844155844155
88,2018-11-28,"[0.5, -0.5, 0.75, 0.0, 0.0, -0.25, 0.0, 0.375, 0.5, 0.625, 0.0, -0.125, 0.25, 0.0, 0.875, 0.625, 0.0, 0.0, 0.0, 0.375, 1.75, 0.0, 0.0, 0.75, 0.0, 0.0, 0.375, 0.0, 0.0, 0.75, 0.0, 0.375, 0.5, 0.0, 0.375, -0.25, -0.25, 0.0, 0.0, 0.0, 0.5, 0.0, 0.375, 0.75, 0.375, 0.75, 0.0, -0.875, 0.5, 0.0, 0.5, 0.625, 0.625, 0.625, 0.0, 0.125, 0.375, 0.0, -0.25, 0.0, 0.125, 0.0, 0.125, -1.0]","[-0.4215, 0.0, 0.4404, 0.0, 0.0, 0.6597, 0.4199, -0.6908, 0.5707, 0.6329, 0.2263, 0.0, 0.5707, -0.7955, 0.0516, 0.8718, 0.0, 0.0, 0.9364, 0.8655, 0.8555, 0.0, 0.0, 0.126, 0.4215, 0.0, 0.8225, 0.3612, 0.0, 0.4767, -0.296, 0.0, 0.4939, 0.0, 0.0, -0.6706, 0.2263, 0.2714, -0.6875, 0.0, 0.5499, 0.0, -0.2023, 0.4201, 0.0, 0.7096, 0.9042, -0.6163, 0.4019, 0.0, 0.4588, -0.2411, 0.6705, -0.1027, 0.2732, -0.5719, 0.4374, 0.6369, 0.3788, 0.0, 0.4199, -0.6976, 0.0, 0.5719]",64,0.197265625,0.174065625
89,2018-11-29,"[0.5, -0.125, -0.25, 0.0, 0.0, -0.25, -0.75, 0.25, 0.0, 0.0, 0.25, 0.5, 0.0, 0.125, 0.125, 0.0, 3.375, 0.25, 0.0, 0.25, 0.0, 0.125, 0.75, 0.0, 0.25, -0.375, 0.0, -0.25, 0.0, 0.0, 0.0, 0.0, -0.5, -0.375, -0.25, 0.0, 0.375, 0.0, 0.0, -0.25, -0.25, 0.0, 0.0, 0.0, 0.25, 0.125, 0.75, 0.125, -0.625, 0.125, -0.375, 0.125, 0.0, 0.0, 0.0, 0.0, 0.5, 0.0, 0.125, 1.5, 0.0]","[-0.4215, 0.0, -0.7177, 0.3313, 0.0, 0.0, -0.6486, 0.5994, -0.4019, 0.0, -0.1531, 0.3182, 0.0772, 0.2732, 0.4374, 0.0, 0.857, 0.0, 0.0, 0.8316, 0.0, 0.0, 0.6369, 0.0, 0.6369, 0.3802, 0.0, 0.0, 0.0, 0.481, 0.0, 0.7574, 0.0, 0.5473, 0.92, 0.0, 0.0, 0.8858, 0.0, -0.8625, 0.0772, -0.25, -0.5994, 0.0, 0.0, 0.0, 0.7003, 0.2116, -0.4019, 0.2677, 0.128, 0.4574, 0.0, 0.7603, 0.0, 0.0, 0.8442, 0.296, 0.0, 0.5719, 0.3535]",61,0.10040983606557377,0.15052950819672128
90,2018-11-30,"[-0.75, 0.75, 0.875, 0.0, 0.0, 0.0, 1.125, 0.0, -0.625, 0.75, 0.0, 0.0, 0.875, -0.75, 0.75, -0.125, 0.0, 0.0, 0.0, 0.5, 0.25, 0.0, 0.0, 1.375, 0.0, -0.625, 0.0, 0.25, 0.0, -0.125, -0.375, -1.5, 0.0, 0.0, 0.125, 0.5, 0.0, 0.0, 0.0, -0.25, 0.0, 3.375, 0.25, 0.0, 0.5, -0.375, 0.0, 0.125, 0.125, 0.0, -0.375, 0.0, 0.0, 0.0, 0.75, 0.0, 0.0, 0.0, 0.0, 0.125, 0.0, 0.0, 1.0, -0.25]","[-0.3818, 0.7311, 0.9831, 0.7506, 0.0, 0.3535, 0.8779, 0.3182, -0.4153, 0.6369, -0.4404, 0.296, 0.9441, -0.8481, 0.7311, 0.5255, 0.6249, 0.3595, 0.0, 0.4939, 0.5848, 0.0, 0.0, -0.0516, 0.0, -0.5859, 0.0, 0.823, 0.4753, 0.6103, 0.902, 0.0516, 0.0, 0.4215, 0.4927, 0.8625, 0.0, -0.6249, 0.0, 0.0, 0.0, 0.9442, 0.743, 0.0, 0.7783, 0.7793, 0.0, 0.9368, 0.1531, 0.0, 0.9473, 0.0, 0.5302, 0.0, 0.6588, 0.0, 0.0, 0.7964, -0.3164, 0.3382, 0.0, 0.0, 0.4215, 0.5106]",64,0.12890625,0.2925515625
91,2018-12-01,"[-0.25, -0.125, 0.375, 0.375, 0.0, 0.0, 0.0, 0.125, 0.0, 0.0, 0.0, 0.375, 0.0, -0.375, 0.5, 0.875]","[0.0, 0.3947, 0.0, 0.3612, 0.0, 0.0, 0.636, 0.0, 0.0, 0.0, 0.0, 0.0, 0.0, 0.0, 0.3818, 0.0]",16,0.1171875,0.11085625
